costat,curcd,datafmt,indfmt,consol,sic,datadate,gvkey,conm,tic
A,USD,STD,INDL,C,3674,2024-12-31,001161,ADVANCED MICRO DEVICES,AMD
A,USD,STD,INDL,C,3674,2025-12-31,001161,ADVANCED MICRO DEVICES,AMD
A,USD,STD,INDL,C,3674,2024-09-30,001327,SKYWORKS SOLUTIONS INC,SWKS
A,USD,STD,INDL,C,3674,2025-09-30,001327,SKYWORKS SOLUTIONS INC,SWKS
I,USD,STD,INDL,C,7372,2024-04-30,001562,LOGILITY SPPLY CHAIN SOL INC,LGTY
A,USD,STD,INDL,C,2836,2024-12-31,001602,AMGEN INC,AMGN
A,USD,STD,INDL,C,2836,2025-12-31,001602,AMGEN INC,AMGN
A,USD,STD,INDL,C,3674,2024-10-31,001632,ANALOG DEVICES INC,ADI
A,USD,STD,INDL,C,3674,2025-10-31,001632,ANALOG DEVICES INC,ADI
A,USD,STD,INDL,C,3721,2024-12-31,002285,BOEING CO,BA
A,USD,STD,INDL,C,3721,2025-12-31,002285,BOEING CO,BA
A,USD,STD,INDL,C,2834,2024-12-31,002403,BRISTOL-MYERS SQUIBB CO,BMY
A,USD,STD,INDL,C,2834,2025-12-31,002403,BRISTOL-MYERS SQUIBB CO,BMY
A,USD,STD,INDL,C,2836,2024-12-31,002990,IMUNON INC,IMNN
A,USD,STD,INDL,C,3728,2024-12-31,003662,CURTISS-WRIGHT CORP,CW
A,USD,STD,INDL,C,3728,2025-12-31,003662,CURTISS-WRIGHT CORP,CW
A,USD,STD,INDL,C,2834,2024-12-31,003691,GT BIOPHARMA INC,GTBP
A,USD,STD,INDL,C,3674,2024-12-31,003969,DIODES INC,DIOD
A,USD,STD,INDL,C,3674,2025-12-31,003969,DIODES INC,DIOD
A,USD,STD,INDL,C,3728,2024-12-31,004091,DUCOMMUN INC,DCO
A,USD,STD,INDL,C,2836,2024-12-31,004409,ENZON PHARMACEUTICALS INC,ENZN
A,USD,STD,INDL,C,3728,2024-02-29,004415,ENVIRONMENTAL TECTONICS CORP,ETCC
A,USD,STD,INDL,C,3728,2025-02-28,004415,ENVIRONMENTAL TECTONICS CORP,ETCC
A,USD,STD,INDL,C,2836,2024-12-31,004632,LISATA THERAPEUTICS INC,LSTA
A,CAD,STD,INDL,C,3728,2024-12-31,004763,MAGELLAN AEROSPACE CORP,MALJF
A,USD,STD,INDL,C,3724,2024-10-31,005567,HEICO CORP,HEI
A,USD,STD,INDL,C,3724,2025-10-31,005567,HEICO CORP,HEI
A,USD,STD,INDL,C,2834,2024-12-31,006266,JOHNSON & JOHNSON,JNJ
A,USD,STD,INDL,C,2834,2025-12-31,006266,JOHNSON & JOHNSON,JNJ
A,USD,STD,INDL,C,2834,2024-12-31,006730,LILLY (ELI) & CO,LLY
A,USD,STD,INDL,C,2834,2025-12-31,006730,LILLY (ELI) & CO,LLY
A,USD,STD,INDL,C,3728,2024-09-30,007549,MOOG INC  -CL A,MOG.A
A,USD,STD,INDL,C,3728,2025-09-30,007549,MOOG INC  -CL A,MOG.A
A,USD,STD,INDL,C,2834,2024-12-31,007799,NATURES SUNSHINE PRODS INC,NATR
A,USD,STD,INDL,C,2834,2024-12-31,009330,PROVECTUS BIOPHARMACEUTICALS,PVCT
A,USD,STD,INDL,C,3724,2024-09-30,009698,SIFCO INDUSTRIES,SIF
A,USD,STD,INDL,C,3724,2025-09-30,009698,SIFCO INDUSTRIES,SIF
A,USD,STD,INDL,C,3721,2024-12-31,010519,TEXTRON INC,TXT
A,USD,STD,INDL,C,3721,2025-12-31,010519,TEXTRON INC,TXT
A,USD,STD,INDL,C,2834,2024-12-31,010902,UNITED-GUARDIAN INC,UG
A,USD,STD,INDL,C,3724,2024-12-31,010983,RTX CORP,RTX
A,USD,STD,INDL,C,3724,2025-12-31,010983,RTX CORP,RTX
A,USD,STD,INDL,C,7372,2024-06-30,012141,MICROSOFT CORP,MSFT
A,USD,STD,INDL,C,7372,2025-06-30,012141,MICROSOFT CORP,MSFT
A,USD,STD,INDL,C,7372,2024-05-31,012142,ORACLE CORP,ORCL
A,USD,STD,INDL,C,7372,2025-05-31,012142,ORACLE CORP,ORCL
A,USD,STD,INDL,C,8731,2024-12-31,012377,RESEARCH FRONTIERS INC,REFR
A,USD,STD,INDL,C,2836,2024-12-31,012818,PERSPECTIVE THERAPEUTICS INC,CATX
I,USD,STD,INDL,C,7372,2024-12-31,012874,ICAD INC,ICAD
A,USD,STD,INDL,C,2836,2024-12-31,013184,LADRX CORP,LADX
A,USD,STD,INDL,C,2834,2024-12-31,013721,ZOETIS INC,ZTS
A,USD,STD,INDL,C,2834,2025-12-31,013721,ZOETIS INC,ZTS
A,USD,STD,INDL,C,3721,2024-12-31,014078,BOMBARDIER INC  -CL B,BDRBF
A,USD,STD,INDL,C,3721,2025-12-31,014078,BOMBARDIER INC  -CL B,BDRBF
A,USD,STD,INDL,C,7372,2024-09-30,014113,MITEK SYSTEMS INC,MITK
A,USD,STD,INDL,C,7372,2025-09-30,014113,MITEK SYSTEMS INC,MITK
A,USD,STD,INDL,C,2834,2024-12-31,014269,HERBALIFE LTD,HLF
A,USD,STD,INDL,C,2834,2024-12-31,014538,TEVA PHARMACEUTICALS,TEVA
A,USD,STD,INDL,C,2834,2025-12-31,014538,TEVA PHARMACEUTICALS,TEVA
A,USD,STD,INDL,C,2836,2024-04-30,014983,CHAMPIONS ONCOLOGY INC,CSBR
A,USD,STD,INDL,C,2836,2025-04-30,014983,CHAMPIONS ONCOLOGY INC,CSBR
A,CAD,STD,INDL,C,2834,2024-12-31,015016,ZYUS LIFE SCIENCES CORP,ZLSCF
A,USD,STD,INDL,C,2836,2024-09-30,016269,ENANTA PHARMACEUTICALS INC,ENTA
A,USD,STD,INDL,C,2836,2025-09-30,016269,ENANTA PHARMACEUTICALS INC,ENTA
A,USD,STD,INDL,C,2834,2024-05-31,016453,NEOGEN CORP,NEOG
A,USD,STD,INDL,C,2834,2025-05-31,016453,NEOGEN CORP,NEOG
A,USD,STD,INDL,C,3674,2024-12-31,016597,LATTICE SEMICONDUCTOR CORP,LSCC
A,USD,STD,INDL,C,3674,2025-12-31,016597,LATTICE SEMICONDUCTOR CORP,LSCC
A,USD,STD,INDL,C,2836,2024-12-31,016848,TRAVERE THERAPEUTICS INC,TVTX
A,USD,STD,INDL,C,2836,2025-12-31,016848,TRAVERE THERAPEUTICS INC,TVTX
A,USD,STD,INDL,C,7372,2024-12-31,016972,SPHERE 3D CORP,ANY
A,USD,STD,INDL,C,2836,2024-12-31,017199,BIOLIFE SOLUTIONS INC,BLFS
A,USD,STD,INDL,C,2836,2024-12-31,017910,SCORPIUS HOLDINGS INC,SCPX
A,USD,STD,INDL,C,8731,2024-12-31,017928,IQVIA HOLDINGS INC,IQV
A,USD,STD,INDL,C,8731,2025-12-31,017928,IQVIA HOLDINGS INC,IQV
A,USD,STD,INDL,C,2834,2024-12-31,018162,ESPERION THERAPEUTICS INC,ESPR
A,USD,STD,INDL,C,2836,2024-12-31,018172,TRAWS PHARMA INC,TRAW
I,USD,STD,INDL,C,2834,2024-12-31,018173,EVOKE PHARMA INC,EVOK
A,USD,STD,INDL,C,2836,2024-12-31,018315,PRECIGEN INC,PGEN
A,USD,STD,INDL,C,2834,2024-12-31,018424,LIPOCINE INC,LPCN
A,USD,STD,INDL,C,7372,2024-12-31,019044,VARONIS SYSTEMS INC,VRNS
A,USD,STD,INDL,C,7372,2025-12-31,019044,VARONIS SYSTEMS INC,VRNS
A,USD,STD,INDL,C,2836,2024-12-31,019205,CAPRICOR THERAPEUTICS INC,CAPR
A,USD,STD,INDL,C,2836,2024-12-31,019988,MEDIWOUND LTD,MDWD
A,USD,STD,INDL,C,8731,2024-12-31,019998,MEDPACE HOLDINGS INC,MEDP
A,USD,STD,INDL,C,8731,2025-12-31,019998,MEDPACE HOLDINGS INC,MEDP
A,USD,STD,INDL,C,7372,2024-12-31,020128,CHEETAH MOBILE INC  -ADR,CMCM
A,USD,STD,INDL,C,7372,2024-12-31,020129,MATERIALISE NV,MTLS
A,USD,STD,INDL,C,2836,2024-12-31,020645,ARDELYX INC,ARDX
A,USD,STD,INDL,C,2836,2024-12-31,020649,SYNDAX PHARMACEUTICALS INC,SNDX
A,USD,STD,INDL,C,2834,2024-12-31,020659,AMPHASTAR PHARMACEUTICLS INC,AMPH
A,USD,STD,INDL,C,3674,2024-06-30,020692,KIMBALL ELECTRONICS INC,KE
A,USD,STD,INDL,C,3674,2025-06-30,020692,KIMBALL ELECTRONICS INC,KE
A,USD,STD,INDL,C,2836,2024-12-31,020756,MATINAS BIOPHARMA HLDGS INC,MTNB
A,USD,STD,INDL,C,2836,2024-12-31,020898,SOLENO THERAPEUTICS INC,SLNO
I,USD,STD,INDL,C,2836,2024-12-31,020943,SAGE THERAPEUTICS INC,SAGE
A,USD,STD,INDL,C,7372,2024-12-31,021002,CYBERARK SOFTWARE LTD,CYBR
A,USD,STD,INDL,C,7372,2025-12-31,021002,CYBERARK SOFTWARE LTD,CYBR
A,USD,STD,INDL,C,2836,2024-12-31,021208,ALTAMIRA THERAPEUTICS LTD,CYTOF
A,USD,STD,INDL,C,2836,2024-12-31,021901,KYNTRA BIO INC,KYNB
A,USD,STD,INDL,C,2834,2024-12-31,021967,POLYPID LTD,PYPD
A,USD,STD,INDL,C,2834,2025-12-31,021967,POLYPID LTD,PYPD
A,USD,STD,INDL,C,2836,2024-12-31,022035,CORBUS PHARMACEUTICALS HLDGS,CRBP
A,USD,STD,INDL,C,2836,2024-07-31,022358,BRIACELL THERAPEUTICS CORP,BCTX
A,USD,STD,INDL,C,2836,2025-07-31,022358,BRIACELL THERAPEUTICS CORP,BCTX
A,USD,STD,INDL,C,2834,2024-12-31,022410,INDIVIOR PHARMACEUTICALS INC,INDV
A,CAD,STD,INDL,C,2834,2024-03-31,022449,AURORA CANNABIS INC,ACB
A,CAD,STD,INDL,C,2834,2025-03-31,022449,AURORA CANNABIS INC,ACB
A,USD,STD,INDL,C,2834,2024-12-31,022460,CRONOS GROUP INC,CRON
A,USD,STD,INDL,C,2836,2024-12-31,022604,ASCENDIS PHARMA AS,ASND
A,USD,STD,INDL,C,2836,2024-12-31,023297,XBIOTECH INC,XBIT
A,USD,STD,INDL,C,2834,2024-12-31,023339,ZEVRA THERAPEUTICS INC,ZVRA
I,USD,STD,INDL,C,2836,2024-12-31,023358,CIDARA THERAPEUTICS INC,CDTX
A,CAD,STD,INDL,C,2834,2024-12-31,023362,AEQUUS PHARMACEUTICALS INC,AQSZF
I,USD,STD,INDL,C,2836,2024-12-31,023407,BLUEPRINT MEDICINES CORP,BPMC
A,USD,STD,INDL,C,2834,2024-12-31,023812,REGENERON PHARMACEUTICALS,REGN
A,USD,STD,INDL,C,2834,2025-12-31,023812,REGENERON PHARMACEUTICALS,REGN
A,USD,STD,INDL,C,7372,2024-12-31,023818,EVOLENT HEALTH INC,EVH
A,USD,STD,INDL,C,2836,2024-12-31,023980,ASTRIA THERAPEUTICS INC,ATXS
A,USD,STD,INDL,C,2836,2024-12-31,024040,IONIS PHARMACEUTICALS INC,IONS
A,USD,STD,INDL,C,2836,2024-12-31,024177,SERES THERAPEUTICS INC,MCRB
A,USD,STD,INDL,C,2836,2024-12-31,024302,ALKERMES PLC,ALKS
A,USD,STD,INDL,C,2834,2024-12-31,024782,PERRIGO CO PLC,PRGO
A,USD,STD,INDL,C,3674,2024-09-30,024800,QUALCOMM INC,QCOM
A,USD,STD,INDL,C,3674,2025-09-30,024800,QUALCOMM INC,QCOM
A,USD,STD,INDL,C,2836,2024-12-31,024856,GILEAD SCIENCES INC,GILD
A,USD,STD,INDL,C,2836,2024-12-31,024966,GEOVAX LABS INC,GOVX
A,USD,STD,INDL,C,3674,2024-12-31,025166,KOPIN CORP,KOPN
A,USD,STD,INDL,C,3674,2024-12-31,025274,UNIVERSAL DISPLAY CORP,OLED
A,USD,STD,INDL,C,7372,2024-12-31,025367,MAGIC SOFTWARE ENTERPRISES,MGIC
A,USD,STD,INDL,C,2834,2024-12-31,025648,ROCHE HOLDING AG,RHHBY
A,USD,STD,INDL,C,2836,2024-12-31,026081,KURA ONCOLOGY INC,KURA
A,USD,STD,INDL,C,2836,2024-12-31,026146,REGENXBIO INC,RGNX
A,USD,STD,INDL,C,2834,2024-12-31,026149,AVALO THERAPEUTICS INC,AVTX
A,USD,STD,INDL,C,3571,2024-10-31,026156,HEWLETT PACKARD ENTERPRISE,HPE
A,USD,STD,INDL,C,3571,2025-10-31,026156,HEWLETT PACKARD ENTERPRISE,HPE
A,USD,STD,INDL,C,2836,2024-12-31,026162,ANAPTYSBIO INC,ANAB
A,USD,STD,INDL,C,2836,2024-12-31,026204,AKARI THERAPEUTICS PLC -ADR,AKTX
A,USD,STD,INDL,C,2836,2024-12-31,026376,BEONE MEDICINES LTD,ONC
I,USD,STD,INDL,C,2836,2024-12-31,026385,MERUS NV,MRUS
A,USD,STD,INDL,C,2834,2024-12-31,026798,CLEARSIDE BIOMEDICAL INC,CLSDQ
A,USD,STD,INDL,C,2836,2024-12-31,026895,CORVUS PHARMACEUTICALS INC,CRVS
A,CAD,STD,INDL,C,2834,2024-12-31,027004,CRESCITA THERAPEUTICS INC,CRRTF
A,USD,STD,INDL,C,2836,2024-12-31,027372,AC IMMUNE SA,ACIU
A,USD,STD,INDL,C,3674,2024-12-31,027387,IMPINJ INC,PI
A,USD,STD,INDL,C,3674,2025-12-31,027387,IMPINJ INC,PI
A,USD,STD,INDL,C,2836,2024-12-31,027670,PROTAGONIST THERAPEUTICS INC,PTGX
A,USD,STD,INDL,C,2836,2024-12-31,027699,GRIDAI TECHNOLOGIES CORP,GRDX
A,USD,STD,INDL,C,2834,2024-12-31,027716,MADRIGAL PHARMACEUTICALS INC,MDGL
A,USD,STD,INDL,C,2834,2025-12-31,027716,MADRIGAL PHARMACEUTICALS INC,MDGL
A,USD,STD,INDL,C,3674,2024-12-31,027737,ATOMERA INC,ATOM
A,USD,STD,INDL,C,3674,2025-12-31,027737,ATOMERA INC,ATOM
A,USD,STD,INDL,C,2836,2024-12-31,028027,AMARIN CORPORATION PLC,AMRN
A,USD,STD,INDL,C,2834,2024-12-31,028056,IANTHUS CAPITAL HOLDINGS INC,ITHUF
A,USD,STD,INDL,C,2836,2024-12-31,028209,ANIKA THERAPEUTICS INC,ANIK
A,USD,STD,INDL,C,2836,2024-09-30,028806,ARROWHEAD PHARMACEUTICAL INC,ARWR
A,USD,STD,INDL,C,2836,2025-09-30,028806,ARROWHEAD PHARMACEUTICAL INC,ARWR
A,USD,STD,INDL,C,2836,2024-12-31,029165,NOVELSTEM INTERNATIONAL CORP,NSTM
A,USD,STD,INDL,C,2836,2024-04-30,029251,KALVISTA PHARMACEUTICALS,KALV
A,USD,STD,INDL,C,2836,2025-04-30,029251,KALVISTA PHARMACEUTICALS,KALV
A,USD,STD,INDL,C,2834,2024-12-31,041979,STRUCTURE THERAPEUTICS  -ADR,GPCR
A,USD,STD,INDL,C,2834,2024-12-31,029955,BAUSCH HEALTH COMPANIES INC,BHC
A,USD,STD,INDL,C,2834,2025-12-31,029955,BAUSCH HEALTH COMPANIES INC,BHC
A,USD,STD,INDL,C,2834,2024-12-31,030137,NEKTAR THERAPEUTICS,NKTR
A,USD,STD,INDL,C,2836,2024-12-31,031301,ELEDON PHARMACEUTICALS INC,ELDN
A,USD,STD,INDL,C,2834,2024-12-31,031418,PROPHASE LABS INC,PRPH
A,USD,STD,INDL,C,8731,2024-09-30,031477,AZENTA INC,AZTA
A,USD,STD,INDL,C,8731,2025-09-30,031477,AZENTA INC,AZTA
A,USD,STD,INDL,C,3674,2024-08-31,031494,PENGUIN SOLUTIONS INC,PENG
A,USD,STD,INDL,C,3674,2025-08-31,031494,PENGUIN SOLUTIONS INC,PENG
A,USD,STD,INDL,C,2836,2024-12-31,032018,KALA BIO INC,KALA
A,USD,STD,INDL,C,2836,2024-12-31,032193,CIBUS INC,CBUS
A,USD,STD,INDL,C,2834,2024-12-31,032233,DARE BIOSCIENCE INC,DARE
A,USD,STD,INDL,C,2836,2024-12-31,032254,GENPREX INC,GNPX
A,USD,STD,INDL,C,2834,2024-12-31,032271,ACHIEVE LIFE SCIENCES INC,ACHV
A,USD,STD,INDL,C,2834,2024-12-31,032316,JAGUAR HEALTH INC,JAGX
A,CAD,STD,INDL,C,2836,2024-03-31,032321,MEDICENNA THERAPEUTICS CORP,MDNAF
A,CAD,STD,INDL,C,2836,2025-03-31,032321,MEDICENNA THERAPEUTICS CORP,MDNAF
A,USD,STD,INDL,C,2834,2024-12-31,032395,ADIAL PHARMACEUTICALS,ADIL
I,USD,STD,INDL,C,2834,2024-12-31,032451,OPTINOSE INC,OPTN
A,USD,STD,INDL,C,2834,2024-03-31,032872,CHINA SXT PHARMACEUTICALS,SXTC
A,USD,STD,INDL,C,2834,2025-03-31,032872,CHINA SXT PHARMACEUTICALS,SXTC
A,USD,STD,INDL,C,2836,2024-12-31,032941,BIOXCEL THERAPEUTICS INC,BTAI
A,USD,STD,INDL,C,2834,2024-12-31,032961,EVOFEM BIOSCIENCES INC,EVFM
A,USD,STD,INDL,C,2836,2024-12-31,033240,Q32 BIO INC,QTTB
I,USD,STD,INDL,C,2836,2024-12-31,033317,UNITY BIOTECHNOLOGY INC,UNBX
A,USD,STD,INDL,C,2834,2024-12-31,033483,XORTX THERAPEUTICS INC,XRTX
A,USD,STD,INDL,C,2836,2024-12-31,033499,EXICURE INC,XCUR
A,USD,STD,INDL,C,2836,2024-12-31,033500,DIANTHUS THERAPEUTICS INC,DNTH
A,USD,STD,INDL,C,2836,2024-12-31,033595,MEIRAGTX HOLDINGS,MGTX
A,USD,STD,INDL,C,2834,2024-12-31,033597,VERRICA PHARMACEUTICAL,VRCA
A,USD,STD,INDL,C,2836,2024-12-31,033631,KEZAR LIFE SCIENCES,KZR
A,USD,STD,INDL,C,2834,2024-12-31,033634,QUANTUM BIOPHARMA LTD,QNTM
A,USD,STD,INDL,C,2836,2024-12-31,033635,AUTOLUS THERAPEUTICS -ADR,AUTL
A,USD,STD,INDL,C,2836,2024-12-31,033657,TECTONIC THERAPEUTIC INC,TECX
A,USD,STD,INDL,C,2834,2024-12-31,033660,XERIS BIOPHARMA HOLDINGS INC,XERS
A,USD,STD,INDL,C,2834,2024-12-31,033665,GREEN THUMB INDUSTRIES INC,GTBIF
A,USD,STD,INDL,C,2836,2024-12-31,033780,VACCINEX INC,VCNX
A,USD,STD,INDL,C,2834,2024-12-31,033801,PLANET 13 HLDGS INC,PLNH
A,USD,STD,INDL,C,2834,2024-12-31,033810,LIQUIDIA CORP,LQDA
A,CAD,STD,INDL,C,2834,2024-12-31,034247,MEDIPHARM LABS CORP,MEDIF
A,USD,STD,INDL,C,2836,2024-12-31,034263,PROKIDNEY CORP,PROK
A,USD,STD,INDL,C,2834,2024-12-31,034353,CURALEAF HOLDINGS INC,CURLF
A,CAD,STD,INDL,C,2834,2025-03-31,034677,PHARMACIELO LTD,PCLOF
A,USD,STD,INDL,C,7372,2024-12-31,034915,BLUE HAT INTERACTIVE ENTERTA,BHAT
A,CAD,STD,INDL,C,2834,2024-12-31,034928,NERVGEN PHARMA CORP,NGEN
A,USD,STD,INDL,C,2836,2024-12-31,034929,X4 PHARMACEUTICALS INC,XFOR
A,USD,STD,INDL,C,2836,2024-12-31,034942,PDS BIOTECHNOLOGY CORP,PDSB
A,USD,STD,INDL,C,2836,2024-12-31,035008,ENLIVEX THERAPEUTICS LTD,ENLV
A,USD,STD,INDL,C,2836,2024-12-31,035014,HOOKIPA PHARMA INC,HOOK
A,USD,STD,INDL,C,2834,2024-12-31,035054,TREVI THERAPEUTICS INC,TRVI
A,USD,STD,INDL,C,2834,2024-12-31,035119,CANNABIST CO HOLDINGS INC,CBSTF
A,USD,STD,INDL,C,2836,2024-12-31,035647,KORRO BIO INC,KRRO
A,USD,STD,INDL,C,3721,2024-12-31,005046,GENERAL DYNAMICS CORP,GD
A,USD,STD,INDL,C,3721,2025-12-31,005046,GENERAL DYNAMICS CORP,GD
A,USD,STD,INDL,C,3724,2024-12-31,005047,GE AEROSPACE,GE
A,USD,STD,INDL,C,3724,2025-12-31,005047,GE AEROSPACE,GE
A,USD,STD,INDL,C,3674,2024-12-31,006008,INTEL CORP,INTC
A,USD,STD,INDL,C,3674,2025-12-31,006008,INTEL CORP,INTC
I,USD,STD,INDL,C,7372,2024-12-31,006013,CORECARD CORP,CCRD
A,USD,STD,INDL,C,3674,2024-03-31,006512,KYOCERA CORP,KYOCY
A,USD,STD,INDL,C,3674,2025-03-31,006512,KYOCERA CORP,KYOCY
A,USD,STD,INDL,C,7372,2024-12-31,007183,SOLUNA HOLDINGS INC,SLNH
A,USD,STD,INDL,C,2834,2024-12-31,007257,MERCK & CO INC,MRK
A,USD,STD,INDL,C,7372,2024-03-31,009551,DIGITAL TURBINE INC,APPS
A,USD,STD,INDL,C,7372,2025-03-31,009551,DIGITAL TURBINE INC,APPS
A,USD,STD,INDL,C,3674,2024-01-31,009599,SEMTECH CORP,SMTC
A,USD,STD,INDL,C,3674,2025-01-31,009599,SEMTECH CORP,SMTC
A,USD,STD,INDL,C,3674,2024-02-29,009799,SOLITRON DEVICES INC,SODI
A,USD,STD,INDL,C,3674,2025-02-28,009799,SOLITRON DEVICES INC,SODI
A,USD,STD,INDL,C,2836,2024-12-31,038617,ARTIVA BIOTHERAPEUTICS INC,ARTV
A,USD,STD,INDL,C,7372,2024-12-31,011745,QUALYS INC,QLYS
A,USD,STD,INDL,C,7372,2025-12-31,011745,QUALYS INC,QLYS
A,USD,STD,INDL,C,2836,2024-06-30,011885,PROPANC BIOPHARMA INC,PPCB
A,USD,STD,INDL,C,2836,2025-06-30,011885,PROPANC BIOPHARMA INC,PPCB
A,USD,STD,INDL,C,2836,2024-12-31,012252,XOMA ROYALTY CORP,XOMA
A,USD,STD,INDL,C,7372,2024-09-30,012568,DAILY JOURNAL CORP,DJCO
A,USD,STD,INDL,C,7372,2025-09-30,012568,DAILY JOURNAL CORP,DJCO
A,USD,STD,INDL,C,2836,2024-12-31,012573,HST GLOBAL INC,HSTC
A,USD,STD,INDL,C,3674,2024-10-31,013200,PHOTRONICS INC,PLAB
A,USD,STD,INDL,C,3674,2025-10-31,013200,PHOTRONICS INC,PLAB
A,USD,STD,INDL,C,2834,2024-06-30,013765,NATURAL ALTERNATIVES,NAII
A,USD,STD,INDL,C,2834,2025-06-30,013765,NATURAL ALTERNATIVES,NAII
I,USD,STD,INDL,C,2836,2024-12-31,013835,REGULUS THERAPEUTICS INC,RGLS
I,CAD,STD,INDL,C,3728,2024-03-31,015050,HEROUX-DEVTEK INC,HERXF
A,USD,STD,INDL,C,2836,2024-10-31,015178,VITRO BIOPHARMA INC,VODG
A,USD,STD,INDL,C,2836,2025-10-31,015178,VITRO BIOPHARMA INC,VODG
A,USD,STD,INDL,C,7372,2024-12-31,016069,INVESTVIEW INC,INVU
A,USD,STD,INDL,C,2836,2024-12-31,016101,ABBVIE INC,ABBV
A,USD,STD,INDL,C,2836,2024-12-31,016719,HARVARD APPARATUS REGE T INC,HRGN
A,USD,STD,INDL,C,7372,2024-03-31,016721,ELECTRONIC ARTS INC,EA
A,USD,STD,INDL,C,7372,2025-03-31,016721,ELECTRONIC ARTS INC,EA
A,USD,STD,INDL,C,2836,2024-12-31,016947,ACTINIUM PHARMACEUTICALS INC,ATNM
A,USD,STD,INDL,C,2836,2024-12-31,017175,TUHURA BIOSCIENCES INC,HURA
A,USD,STD,INDL,C,2836,2024-12-31,018159,AGIOS PHARMACEUTICALS,AGIO
A,USD,STD,INDL,C,2836,2025-12-31,018159,AGIOS PHARMACEUTICALS,AGIO
A,USD,STD,INDL,C,3674,2024-12-31,018509,IDEAL POWER INC,IPWR
A,USD,STD,INDL,C,2836,2024-12-31,018562,FATE THERAPEUTICS INC,FATE
A,USD,STD,INDL,C,3674,2024-12-31,018564,APPLIED OPTOELECTRONICS INC,AAOI
A,USD,STD,INDL,C,7372,2024-07-31,018646,CRISP MOMENTUM INC,CRSF
A,USD,STD,INDL,C,7372,2025-07-31,018646,CRISP MOMENTUM INC,CRSF
A,USD,STD,INDL,C,2836,2024-12-31,018658,MACROGENICS INC,MGNX
A,USD,STD,INDL,C,2836,2024-12-31,018930,KARYOPHARM THERAPEUTICS INC,KPTI
A,USD,STD,INDL,C,2836,2025-12-31,018930,KARYOPHARM THERAPEUTICS INC,KPTI
A,USD,STD,INDL,C,2836,2024-12-31,018938,XENCOR INC,XNCR
A,USD,STD,INDL,C,2836,2024-12-31,019149,ULTRAGENYX PHARMACEUTICAL,RARE
A,USD,STD,INDL,C,2836,2024-12-31,019154,TVARDI THERAPEUTICS INC,TVRD
A,USD,STD,INDL,C,2834,2024-06-30,019317,AMERICA GREAT HEALTH,AAGH
A,CAD,STD,INDL,C,2836,2024-06-30,019502,REVIVE THERAPEUTICS LTD,RVVTF
A,CAD,STD,INDL,C,2836,2025-06-30,019502,REVIVE THERAPEUTICS LTD,RVVTF
A,USD,STD,INDL,C,2836,2024-12-31,019717,NEUROGENE INC,NGNE
A,USD,STD,INDL,C,2836,2024-12-31,019771,GALMED PHARMACEUTICALS LTD,GLMD
A,USD,STD,INDL,C,7372,2024-12-31,019849,A10 NETWORKS INC,ATEN
A,USD,STD,INDL,C,7372,2025-12-31,019849,A10 NETWORKS INC,ATEN
A,USD,STD,INDL,C,2836,2024-12-31,019859,AKEBIA THERAPEUTICS INC,AKBA
A,USD,STD,INDL,C,2836,2024-12-31,020018,ALDEYRA THERAPEUTICS INC,ALDX
I,USD,STD,INDL,C,2834,2024-06-30,020228,CATALENT INC,CTLT
A,USD,STD,INDL,C,2834,2024-12-31,020233,THERAVANCE BIOPHARMA INC,TBPH
A,USD,STD,INDL,C,2836,2024-12-31,020307,ELICIO THERAPEUTICS INC,ELTX
A,USD,STD,INDL,C,2834,2024-12-31,020720,RELMADA THERAPEUTICS INC,RLMD
A,USD,STD,INDL,C,2836,2024-12-31,021012,ATARA BIOTHERAPEUTICS INC,ATRA
A,USD,STD,INDL,C,2836,2024-12-31,021015,OCULAR THERAPEUTIX INC,OCUL
A,USD,STD,INDL,C,2836,2025-12-31,021015,OCULAR THERAPEUTIX INC,OCUL
I,USD,STD,INDL,C,2836,2024-12-31,021020,ADVERUM BIOTECHNOLOGIES,ADVM
A,USD,STD,INDL,C,2834,2024-12-31,021282,KIORA PHARMACEUTICALS INC,KPRX
A,USD,STD,INDL,C,2836,2024-12-31,021601,RHYTHM PHARMACEUTICLS,RYTM
A,USD,STD,INDL,C,3674,2024-03-31,021743,NVE CORP,NVEC
A,USD,STD,INDL,C,3674,2025-03-31,021743,NVE CORP,NVEC
A,USD,STD,INDL,C,2836,2024-12-31,021744,XENON PHARMACEUTICALS INC,XENE
A,USD,STD,INDL,C,2834,2024-09-30,021807,CITIUS PHARMACEUTICALS INC,CTXR
A,USD,STD,INDL,C,2834,2025-09-30,021807,CITIUS PHARMACEUTICALS INC,CTXR
A,USD,STD,INDL,C,2834,2024-12-31,021873,MARIMED INC,MRMD
A,CAD,STD,INDL,C,7372,2024-12-31,023108,SYLOGIST LTD,SYZLF
A,USD,STD,INDL,C,3674,2024-12-31,023119,SOLAREDGE TECHNOLOGIES INC,SEDG
A,USD,STD,INDL,C,3674,2025-12-31,023119,SOLAREDGE TECHNOLOGIES INC,SEDG
A,USD,STD,INDL,C,2834,2024-12-31,023490,CANNAPHARMARX INC,CPMD
A,USD,STD,INDL,C,2834,2024-12-31,023555,COLLEGIUM PHARMACEUTICAL INC,COLL
A,USD,STD,INDL,C,2836,2024-12-31,023574,ADAPTIMMUNE THERAPEUTICS PLC,ADAPY
A,USD,STD,INDL,C,7372,2024-11-30,024352,PROGRESS SOFTWARE CORP,PRGS
A,USD,STD,INDL,C,7372,2025-11-30,024352,PROGRESS SOFTWARE CORP,PRGS
A,USD,STD,INDL,C,7372,2024-12-31,024501,RAPID7 INC,RPD
A,USD,STD,INDL,C,7372,2025-12-31,024501,RAPID7 INC,RPD
A,USD,STD,INDL,C,2836,2024-12-31,024506,PULMATRIX INC,PULM
A,USD,STD,INDL,C,2836,2024-12-31,024515,VTV THERAPEUTICS INC,VTVT
A,USD,STD,INDL,C,2836,2024-12-31,024996,LINEAGE CELL THERAPEUTICS IN,LCTX
A,USD,STD,INDL,C,7372,2024-12-31,025302,INTRUSION INC,INTZ
A,USD,STD,INDL,C,2836,2024-12-31,025750,APTOSE BIOSCIENCES INC,APTOF
A,USD,STD,INDL,C,2834,2024-12-31,025937,LIGAND PHARMACEUTICAL INC,LGND
A,USD,STD,INDL,C,2836,2024-12-31,025999,GYRE THERAPEUTICS INC,GYRE
A,USD,STD,INDL,C,2836,2024-12-31,026112,CYTOMX THERAPEUTICS INC,CTMX
A,USD,STD,INDL,C,2834,2024-12-31,026356,ARTELO BIOSCIENCES INC,ARTL
A,USD,STD,INDL,C,2836,2024-12-31,026359,APELLIS PHARMACEUTICALS,APLS
A,USD,STD,INDL,C,2836,2024-12-31,026669,INSIGHT MOLECLAR DIAGNOS INC,IMDX
I,USD,STD,INDL,C,7372,2024-01-31,026677,SECUREWORKS CORP,SCWX
A,USD,STD,INDL,C,7372,2024-12-31,027297,AXION VENTURES INC,AXNVF
A,USD,STD,INDL,C,7372,2024-07-31,027318,ZEDGE INC,ZDGE
A,USD,STD,INDL,C,7372,2025-07-31,027318,ZEDGE INC,ZDGE
A,CAD,STD,INDL,C,7372,2024-12-31,027651,KNEAT.COM INC,KSIOF
A,USD,STD,INDL,C,7372,2024-07-31,027928,INTUIT INC,INTU
A,USD,STD,INDL,C,7372,2025-07-31,027928,INTUIT INC,INTU
A,USD,STD,INDL,C,2836,2024-12-31,027939,TENAX THERAPEUTICS INC,TENX
A,USD,STD,INDL,C,3674,2024-12-31,028087,EVERSPIN TECHNOLOGIES INC,MRAM
A,USD,STD,INDL,C,2836,2024-12-31,028113,CRISPR THERAPEUTICS AG,CRSP
A,USD,STD,INDL,C,2836,2025-12-31,028113,CRISPR THERAPEUTICS AG,CRSP
A,USD,STD,INDL,C,3728,2024-12-31,028192,HOWMET AEROSPACE INC,HWM
A,USD,STD,INDL,C,3728,2025-12-31,028192,HOWMET AEROSPACE INC,HWM
A,USD,STD,INDL,C,2834,2024-12-31,028272,ASTRAZENECA PLC,AZN
I,USD,STD,INDL,C,2836,2024-12-31,029013,CHECKPOINT THERAPEUTICS INC,CKPT
A,USD,STD,INDL,C,2836,2024-06-30,029086,PALATIN TECHNOLOGIES INC,PTN
A,USD,STD,INDL,C,2836,2025-06-30,029086,PALATIN TECHNOLOGIES INC,PTN
I,USD,STD,INDL,C,2834,2024-11-30,029476,THERATECHNOLOGIES INC,THTX
A,USD,STD,INDL,C,2836,2024-12-31,030311,VIRIDIAN THERAPEUTICS INC,VRDN
A,USD,STD,INDL,C,7372,2024-12-31,041982,VOCODIA HOLDINGS CORP,VHAI
I,USD,STD,INDL,C,7372,2024-06-30,030870,ASPEN TECHNOLOGY INC,AZPN
A,USD,STD,INDL,C,2836,2024-12-31,031059,ZYMEWORKS INC,ZYME
A,USD,STD,INDL,C,2836,2024-12-31,031061,UROGEN PHARMA LTD,URGN
A,USD,STD,INDL,C,3674,2024-12-31,031142,STMICROELECTRONICS NV,STM
A,USD,STD,INDL,C,3674,2024-12-31,031255,TOWER SEMICONDUCTOR LTD,TSEM
A,USD,STD,INDL,C,3674,2025-12-31,031255,TOWER SEMICONDUCTOR LTD,TSEM
A,USD,STD,INDL,C,2834,2024-01-31,031942,NUTRIBAND INC,NTRB
A,USD,STD,INDL,C,2834,2025-01-31,031942,NUTRIBAND INC,NTRB
A,USD,STD,INDL,C,2836,2024-12-31,032334,ZAI LAB LTD,ZLAB
A,USD,STD,INDL,C,2836,2024-12-31,032347,MUSTANG BIO INC,MBIO
A,USD,STD,INDL,C,2836,2024-12-31,032348,KRYSTAL BIOTECH INC,KRYS
A,USD,STD,INDL,C,2836,2025-12-31,032348,KRYSTAL BIOTECH INC,KRYS
A,USD,STD,INDL,C,2836,2024-12-31,032525,SPERO THERAPEUTICS INC,SPRO
I,USD,STD,INDL,C,7372,2024-12-31,032530,ALTAIR ENGINEERING INC,ALTR
A,USD,STD,INDL,C,2836,2024-12-31,032640,INFLARX NV,IFRX
A,USD,STD,INDL,C,2836,2024-12-31,032715,ARCTURUS THERAPETCS HOLD INC,ARCT
A,USD,STD,INDL,C,2834,2024-12-31,032731,TERRASCEND CORP,TSNDF
A,USD,STD,INDL,C,2836,2024-12-31,032775,DENALI THERAPEUTCS INC,DNLI
A,USD,STD,INDL,C,2834,2024-12-31,032846,PROCESSA PHARMACEUTICALS INC,PCSA
A,USD,STD,INDL,C,3571,2024-12-31,032851,ONE STOP SYSTEMS INC,OSS
A,USD,STD,INDL,C,2836,2024-12-31,032861,HYPERION DEFI INC,HYPD
A,USD,STD,INDL,C,3674,2024-12-31,033420,NLIGHT INC,LASR
A,USD,STD,INDL,C,2836,2024-12-31,033445,SCHOLAR ROCK HOLDNG CRP,SRRK
A,USD,STD,INDL,C,2836,2024-12-31,033447,KINIKSA PHRMCTICALS INTL PLC,KNSA
A,USD,STD,INDL,C,2836,2024-12-31,033466,ITERUM THERAPEUTICS,ITRM
A,USD,STD,INDL,C,2836,2024-03-31,033719,REPLIMUNE GROUP INC,REPL
A,USD,STD,INDL,C,2836,2025-03-31,033719,REPLIMUNE GROUP INC,REPL
I,USD,STD,INDL,C,2836,2024-12-31,033721,ALLAKOS INC,ALLK
A,USD,STD,INDL,C,2834,2024-12-31,033723,CRINETICS PHARMCTCL INC,CRNX
A,USD,STD,INDL,C,3674,2024-12-31,033725,DATAVAULT AI INC,DVLT
A,CAD,STD,INDL,C,2834,2024-08-31,033727,1CM INC,MILFF
A,CAD,STD,INDL,C,2834,2025-08-31,033727,1CM INC,MILFF
A,USD,STD,INDL,C,2834,2024-12-31,033955,ELANCO ANIMAL HLTH INC,ELAN
A,USD,STD,INDL,C,2836,2024-12-31,034065,SUTRO BIOPHARMA INC,STRO
A,USD,STD,INDL,C,2836,2024-12-31,034077,ARVINAS INC,ARVN
A,USD,STD,INDL,C,2836,2024-12-31,034078,INMUNE BIO INC,INMB
A,USD,STD,INDL,C,2836,2024-12-31,034103,APTORUM GROUP LIMITED,APM
A,USD,STD,INDL,C,2834,2024-12-31,034107,CHARLOTTES WEB HLDGS INC,CWBHF
A,USD,STD,INDL,C,2836,2024-12-31,034118,KODIAK SCIENCES INC,KOD
A,USD,STD,INDL,C,2836,2024-12-31,034161,ALLOGENE THERAPEUTICS,ALLO
A,USD,STD,INDL,C,2836,2024-12-31,034163,IMAC HOLDINGS INC,BACK
A,USD,STD,INDL,C,2836,2024-12-31,034164,EQUILLIUM INC,EQ
A,USD,STD,INDL,C,2836,2024-12-31,034181,ALPHA COGNITION INC,ACOG
I,USD,STD,INDL,C,7372,2024-12-31,034186,COOTEK (CAYMAN) INC,CTKYY
A,USD,STD,INDL,C,2836,2024-09-30,034241,TWIST BIOSCIENCE CORP,TWST
A,USD,STD,INDL,C,2836,2025-09-30,034241,TWIST BIOSCIENCE CORP,TWST
A,USD,STD,INDL,C,7372,2024-04-30,034243,ELASTIC NV,ESTC
A,USD,STD,INDL,C,7372,2025-04-30,034243,ELASTIC NV,ESTC
A,USD,STD,INDL,C,2836,2024-12-31,034410,MODERNA INC,MRNA
A,USD,STD,INDL,C,2836,2024-12-31,034469,SERINA THERAPEUTICS INC,SER
A,USD,STD,INDL,C,2836,2024-12-31,034746,CYCLERION THERAPEUTICS,CYCN
A,USD,STD,INDL,C,2836,2024-12-31,034883,PRECISION BIOSCIENCES,DTIL
A,CAD,STD,INDL,C,2836,2024-12-31,035087,ATLAS ENERGY CORP,CANSF
A,USD,STD,INDL,C,2836,2024-12-31,035090,NEXTCURE INC,NXTC
A,USD,STD,INDL,C,2836,2024-12-31,035091,APPLIED THERAPEUTICS INC,APLT
A,USD,STD,INDL,C,2834,2024-12-31,035100,MILESTONE PHARMACEUTICLS INC,MIST
A,USD,STD,INDL,C,2836,2024-12-31,035102,QUINCE THERAPEUTICS INC,QNCX
A,USD,STD,INDL,C,2834,2024-12-31,035251,AYR WELLNESS INC,AYRWF
A,USD,STD,INDL,C,2836,2024-12-31,035255,STOKE THERAPEUTICS INC,STOK
A,USD,STD,INDL,C,7372,2024-12-31,035259,ADCORE INC,ADCOF
A,USD,STD,INDL,C,2836,2024-12-31,035264,BRIDGEBIO PHARMA INC,BBIO
I,USD,STD,INDL,C,2836,2024-12-31,035267,AKERO THERAPEUTICS INC,AKRO
A,USD,STD,INDL,C,2836,2024-09-30,035321,EDESA BIOTECH INC,EDSA
A,USD,STD,INDL,C,2836,2025-09-30,035321,EDESA BIOTECH INC,EDSA
A,USD,STD,INDL,C,2834,2024-12-31,035323,JUSHI HOLDINGS INC,JUSHF
A,USD,STD,INDL,C,2836,2024-12-31,035375,MIRUM PHARMACEUTICALS INC,MIRM
A,USD,STD,INDL,C,2836,2024-12-31,035376,FULCRUM THERAPEUTICS INC,FULC
A,CAD,STD,INDL,C,2834,2024-03-31,035382,APPILI THERAPEUTICS INC,APLIF
A,USD,STD,INDL,C,2836,2024-12-31,035648,APREA THERAPEUTICS INC,APRE
A,USD,STD,INDL,C,2836,2024-12-31,035649,ADC THERAPEUTICS SA,ADCT
A,USD,STD,INDL,C,2836,2024-12-31,035653,BIONTECH SE,BNTX
A,USD,STD,INDL,C,2836,2024-12-31,035664,MONOPAR THERAPEUTICS INC,MNPR
A,CAD,STD,INDL,C,7372,2024-12-31,035666,ENTHUSIAST GAMING HLD INC,EGLXF
A,USD,STD,INDL,C,2836,2024-12-31,035714,BEAM THERAPEUTICS INC,BEAM
A,USD,STD,INDL,C,2836,2024-12-31,035727,CABALETTA BIO INC,CABA
A,USD,STD,INDL,C,2834,2024-12-31,035728,PHATHOM PHARMA INC,PHAT
A,USD,STD,INDL,C,2836,2024-12-31,035729,4D MOLECULAR THER INC,FDMT
A,USD,STD,INDL,C,2836,2024-12-31,036014,METAVIA INC,MTVA
A,USD,STD,INDL,C,2836,2024-12-31,036083,REVOLUTION MEDICINES INC,RVMD
A,USD,STD,INDL,C,2834,2024-12-31,005180,GSK PLC,GSK
A,USD,STD,INDL,C,2834,2025-12-31,005180,GSK PLC,GSK
A,USD,STD,INDL,C,2834,2024-12-31,031848,AVENUE THERAPEUTICS INC,ATXI
A,USD,STD,INDL,C,3674,2024-08-31,007343,MICRON TECHNOLOGY INC,MU
A,USD,STD,INDL,C,3674,2025-08-31,007343,MICRON TECHNOLOGY INC,MU
A,USD,STD,INDL,C,2834,2024-12-31,007637,VIATRIS INC,VTRS
A,USD,STD,INDL,C,7372,2024-12-31,007648,NCR VOYIX CORP,VYX
A,USD,STD,INDL,C,2834,2024-12-31,008020,NOVO NORDISK A/S,NVO
A,USD,STD,INDL,C,2834,2025-12-31,008020,NOVO NORDISK A/S,NVO
A,USD,STD,INDL,C,2834,2024-12-31,008530,PFIZER INC,PFE
A,USD,STD,INDL,C,7372,2024-03-31,008599,AGILYSYS INC,AGYS
A,USD,STD,INDL,C,7372,2025-03-31,008599,AGILYSYS INC,AGYS
A,USD,STD,INDL,C,3674,2024-12-31,010499,TEXAS INSTRUMENTS INC,TXN
A,USD,STD,INDL,C,3674,2025-12-31,010499,TEXAS INSTRUMENTS INC,TXN
A,USD,STD,INDL,C,2836,2024-12-31,012181,REPLIGEN CORP,RGEN
A,USD,STD,INDL,C,2836,2024-09-30,012711,CEL-SCI CORP,CVM
A,USD,STD,INDL,C,2836,2025-09-30,012711,CEL-SCI CORP,CVM
A,USD,STD,INDL,C,2836,2024-12-31,012713,ABEONA THERAPEUTICS INC,ABEO
A,USD,STD,INDL,C,2836,2024-10-31,012717,ANIXA BIOSCIENCES INC,ANIX
A,USD,STD,INDL,C,2836,2025-10-31,012717,ANIXA BIOSCIENCES INC,ANIX
A,USD,STD,INDL,C,7372,2024-06-30,012731,VERITEC INC,VRTC
A,USD,STD,INDL,C,7372,2024-12-31,013421,CADENCE DESIGN SYSTEMS INC,CDNS
A,USD,STD,INDL,C,7372,2025-12-31,013421,CADENCE DESIGN SYSTEMS INC,CDNS
A,USD,STD,INDL,C,2836,2024-12-31,013484,SOLIGENIX INC,SNGX
A,USD,STD,INDL,C,2836,2024-12-31,013786,HERON THERAPEUTICS INC,HRTX
A,USD,STD,INDL,C,3571,2024-01-31,014489,DELL TECHNOLOGIES INC,DELL
A,USD,STD,INDL,C,3571,2025-01-31,014489,DELL TECHNOLOGIES INC,DELL
A,USD,STD,INDL,C,2836,2024-06-30,015414,BIO-TECHNE CORP,TECH
A,USD,STD,INDL,C,2836,2025-06-30,015414,BIO-TECHNE CORP,TECH
A,USD,STD,INDL,C,3674,2024-01-31,015420,AMBARELLA INC,AMBA
A,USD,STD,INDL,C,3674,2025-01-31,015420,AMBARELLA INC,AMBA
A,USD,STD,INDL,C,7372,2024-03-31,015855,GEN DIGITAL INC,GEN
A,USD,STD,INDL,C,7372,2025-03-31,015855,GEN DIGITAL INC,GEN
A,USD,STD,INDL,C,3674,2024-03-31,016401,CIRRUS LOGIC INC,CRUS
A,USD,STD,INDL,C,3674,2025-03-31,016401,CIRRUS LOGIC INC,CRUS
A,USD,STD,INDL,C,2836,2024-12-31,016745,PROTHENA CORPORATION PLC,PRTA
I,USD,STD,INDL,C,3674,2024-12-31,017386,SPECTRA7 MICROSYSTEMS INC,SPVNF
I,USD,STD,INDL,C,2836,2024-12-31,017498,CHIMERIX INC,CMRX
A,USD,STD,INDL,C,2836,2024-06-30,017651,REZOLUTE INC,RZLT
A,USD,STD,INDL,C,2836,2025-06-30,017651,REZOLUTE INC,RZLT
A,USD,STD,INDL,C,2836,2024-12-31,017653,ADMA BIOLOGICS INC,ADMA
I,USD,STD,INDL,C,2836,2024-12-31,017998,BLUEBIRD BIO INC,BLUE
A,USD,STD,INDL,C,2834,2024-12-31,018204,ANI PHARMACEUTICALS INC,ANIP
A,USD,STD,INDL,C,7372,2024-09-30,018699,PTC INC,PTC
A,USD,STD,INDL,C,7372,2025-09-30,018699,PTC INC,PTC
A,USD,STD,INDL,C,2836,2024-12-31,018878,CRESCENT BIOPHARMA INC,CBIO
A,USD,STD,INDL,C,2834,2024-12-31,018888,AMNEAL PHARMACEUTICALS INC,AMRX
A,USD,STD,INDL,C,2836,2024-10-31,019135,ZEO SCIENTIFIX INC,ZEOX
A,USD,STD,INDL,C,2836,2025-10-31,019135,ZEO SCIENTIFIX INC,ZEOX
A,USD,STD,INDL,C,2834,2024-12-31,019138,SYNERGY CHC CORP,SNYR
I,USD,STD,INDL,C,2836,2024-12-31,019412,INTRA-CELLULAR THERAPIES INC,ITCI
A,USD,STD,INDL,C,2834,2024-03-31,019447,MEDEXUS PHARMACEUTICALS,MEDXF
A,USD,STD,INDL,C,2834,2025-03-31,019447,MEDEXUS PHARMACEUTICALS,MEDXF
A,USD,STD,INDL,C,2836,2024-12-31,019458,CARISMA THERAPEUTICS INC,CARM
A,USD,STD,INDL,C,2834,2024-12-31,019467,COCRYSTAL PHARMA INC,COCP
A,USD,STD,INDL,C,2836,2024-06-30,019549,BIOVIE INC,BIVI
A,USD,STD,INDL,C,2836,2025-06-30,019549,BIOVIE INC,BIVI
A,USD,STD,INDL,C,2836,2024-12-31,019761,HEPION PHARMACEUTICALS INC,HEPA
A,CAD,STD,INDL,C,2834,2024-12-31,019901,KNIGHT THERAPEUTICS INC,KHTRF
A,USD,STD,INDL,C,2836,2024-12-31,020040,SCYNEXIS INC,SCYX
A,USD,STD,INDL,C,2836,2024-12-31,020225,MINERVA NEUROSCIENCES INC,NERV
A,CAD,STD,INDL,C,3674,2024-11-30,020483,FIRAN TECHNOLOGY GROUP CORP,FTGFF
A,USD,STD,INDL,C,2836,2024-12-31,021032,VIKING THERAPEUTICS INC,VKTX
A,USD,STD,INDL,C,2836,2025-12-31,021032,VIKING THERAPEUTICS INC,VKTX
A,USD,STD,INDL,C,2834,2024-12-31,021522,VYNE THERAPEUTICS INC,VYNE
A,USD,STD,INDL,C,2836,2024-12-31,021524,PROQR THERAPEUTICS NV,PRQR
A,USD,STD,INDL,C,7372,2024-12-31,021554,CREATIVE REALITIES INC,CREX
A,CAD,STD,INDL,C,2834,2024-09-30,021577,ORGANIGRAM GLOBAL INC,OGI
A,CAD,STD,INDL,C,2834,2025-09-30,021577,ORGANIGRAM GLOBAL INC,OGI
A,CAD,STD,INDL,C,7372,2024-03-31,021832,CONTAGIOUS GAMING INC,KSMRF
A,CAD,STD,INDL,C,7372,2025-03-31,021832,CONTAGIOUS GAMING INC,KSMRF
A,USD,STD,INDL,C,2836,2024-12-31,021841,COHERUS ONCOLOGY INC,CHRS
A,USD,STD,INDL,C,2836,2024-12-31,022116,SKYE BIOSCIENCE INC,SKYE
A,CAD,STD,INDL,C,2836,2024-12-31,022215,HEMOSTEMIX INC,HMTXF
A,USD,STD,INDL,C,7372,2024-09-30,022320,T3 DEFENSE INC,DFNS
A,USD,STD,INDL,C,2834,2024-05-31,022387,TILRAY BRANDS INC,TLRY
A,USD,STD,INDL,C,2834,2025-05-31,022387,TILRAY BRANDS INC,TLRY
A,USD,STD,INDL,C,2836,2024-02-29,022401,BURZYNSKI RESEARCH INSTITUTE,BZYR
A,USD,STD,INDL,C,2836,2025-02-28,022401,BURZYNSKI RESEARCH INSTITUTE,BZYR
A,USD,STD,INDL,C,2836,2024-12-31,022590,PALVELLA THERAPEUTICS INC,PVLA
A,USD,STD,INDL,C,2834,2024-09-30,022817,VERU INC,VERU
A,USD,STD,INDL,C,2834,2025-09-30,022817,VERU INC,VERU
I,USD,STD,INDL,C,2836,2024-09-30,022964,ESSA PHARMA INC,EPIX
A,USD,STD,INDL,C,7372,2024-12-31,023001,AUTHID INC,AUID
A,USD,STD,INDL,C,2836,2024-12-31,023627,ATYR PHARMA INC,ATYR
A,USD,STD,INDL,C,2836,2024-12-31,024344,VERTEX PHARMACEUTICALS INC,VRTX
A,USD,STD,INDL,C,2836,2025-12-31,024344,VERTEX PHARMACEUTICALS INC,VRTX
A,USD,STD,INDL,C,2836,2024-12-31,024468,BIOGEN INC,BIIB
A,USD,STD,INDL,C,2836,2025-12-31,024468,BIOGEN INC,BIIB
A,USD,STD,INDL,C,2836,2024-12-31,024598,BIOCARDIA INC,BCDA
A,USD,STD,INDL,C,2836,2024-12-31,024599,SPYRE THERAPEUTICS INC,SYRE
A,USD,STD,INDL,C,2836,2025-12-31,024599,SPYRE THERAPEUTICS INC,SYRE
A,USD,STD,INDL,C,7372,2024-10-31,024975,SYNOPSYS INC,SNPS
A,USD,STD,INDL,C,7372,2025-10-31,024975,SYNOPSYS INC,SNPS
A,USD,STD,INDL,C,2834,2024-06-30,025027,LIFEVANTAGE CORP,LFVN
A,USD,STD,INDL,C,2834,2025-06-30,025027,LIFEVANTAGE CORP,LFVN
A,USD,STD,INDL,C,3728,2024-12-31,025726,CPI AEROSTRUCTURES INC,CVU
A,USD,STD,INDL,C,2834,2024-12-31,025904,ACLARIS THERAPEUTICS INC,ACRS
A,USD,STD,INDL,C,2836,2024-12-31,026340,WAVE LIFE SCIENCES LTD,WVE
A,USD,STD,INDL,C,2836,2024-12-31,026341,VOYAGER THERAPEUTICS INC,VYGR
A,USD,STD,INDL,C,2836,2024-12-31,026349,AXSOME THERAPEUTICS INC,AXSM
A,USD,STD,INDL,C,7372,2024-06-30,026415,DATASEA INC,DTSS
A,USD,STD,INDL,C,7372,2025-06-30,026415,DATASEA INC,DTSS
A,CAD,STD,INDL,C,7372,2024-12-31,026527,NORTH PEAK RESOURCES LTD,NPRLF
A,USD,STD,INDL,C,2836,2024-12-31,026579,BONE BIOLOGICS CORP,BBLG
A,USD,STD,INDL,C,2836,2024-12-31,026809,CERVOMED INC,CRVO
A,USD,STD,INDL,C,2836,2024-09-30,026817,OUTLOOK THERAPEUTICS INC,OTLK
A,USD,STD,INDL,C,2836,2025-09-30,026817,OUTLOOK THERAPEUTICS INC,OTLK
A,CAD,STD,INDL,C,2836,2024-01-31,026828,BETTERLIFE PHARMA INC,BETRF
A,CAD,STD,INDL,C,2836,2025-01-31,026828,BETTERLIFE PHARMA INC,BETRF
A,USD,STD,INDL,C,2836,2024-12-31,026873,MOLECULIN BIOTECH INC,MBRX
A,USD,STD,INDL,C,2836,2024-12-31,026874,EDITAS MEDICINE INC,EDIT
A,USD,STD,INDL,C,2836,2024-12-31,026922,PROTAGENIC THERAPEUTICS INC,PTIX
A,CAD,STD,INDL,C,2836,2024-12-31,027026,VAXIL BIO LTD,VXLLF
A,USD,STD,INDL,C,2836,2024-12-31,027155,INTELLIA THERAPEUTICS INC,NTLA
A,USD,STD,INDL,C,2836,2024-12-31,027338,APTEVO THERAPEUTICS INC,APVO
A,USD,STD,INDL,C,3721,2024-12-31,027339,AGEAGLE AERIAL SYSTEMS,UAVS
A,USD,STD,INDL,C,2836,2024-12-31,027354,CARTESIAN THERAPEUTICS INC,RNAC
A,USD,STD,INDL,C,3674,2024-06-30,027794,WOLFSPEED INC,WOLF
A,USD,STD,INDL,C,3674,2025-06-30,027794,WOLFSPEED INC,WOLF
A,USD,STD,INDL,C,2834,2024-12-31,027809,CITRINE GLOBAL CORP,CTGL
A,USD,STD,INDL,C,3674,2024-03-31,027965,MICROCHIP TECHNOLOGY INC,MCHP
A,USD,STD,INDL,C,3674,2025-03-31,027965,MICROCHIP TECHNOLOGY INC,MCHP
I,USD,STD,INDL,C,7372,2024-12-31,028384,SAPIENS INTERNATIONAL CORP,SPNS
A,USD,STD,INDL,C,7372,2024-02-29,028401,JINGBO TECHNOLOGY INC,SVMB
A,USD,STD,INDL,C,7372,2025-02-28,028401,JINGBO TECHNOLOGY INC,SVMB
A,USD,STD,INDL,C,2836,2024-12-31,029127,INCYTE CORP,INCY
A,USD,STD,INDL,C,2836,2025-12-31,029127,INCYTE CORP,INCY
A,USD,STD,INDL,C,2836,2024-12-31,029207,BEYONDSPRING INC,BYSI
A,USD,STD,INDL,C,2836,2024-12-31,029837,BIOCRYST PHARMACEUTICALS INC,BCRX
A,USD,STD,INDL,C,2836,2024-12-31,029914,CYPHERPUNK TECHNOLOGIES INC,CYPH
A,CAD,STD,INDL,C,2836,2024-04-30,030449,MINDWALK HOLDINGS CORP,HYFT
A,CAD,STD,INDL,C,2836,2025-04-30,030449,MINDWALK HOLDINGS CORP,HYFT
A,USD,STD,INDL,C,2834,2024-03-31,030554,TARO PHARMACEUTICL INDS LTD,TARO
A,USD,STD,INDL,C,2836,2024-03-31,031102,ALPHATON CAPITAL CORP,ATON
A,USD,STD,INDL,C,2836,2025-03-31,031102,ALPHATON CAPITAL CORP,ATON
A,USD,STD,INDL,C,2836,2024-12-31,031112,OVID THRPUTCS INC,OVID
A,USD,STD,INDL,C,2834,2024-12-31,031177,SAVARA INC,SVRA
A,USD,STD,INDL,C,2836,2024-12-31,031249,ALTIMMUNE INC,ALT
I,USD,STD,INDL,C,2836,2024-12-31,031628,MERSANA THRPEUTIC INC,MRSN
A,USD,STD,INDL,C,2836,2024-12-31,031656,REIN THERAPEUTICS INC,RNTX
A,CAD,STD,INDL,C,2834,2024-12-31,031796,JAMIESON WELLNESS INC,JWLLF
A,USD,STD,INDL,C,2836,2024-12-31,032365,SYNLOGIC INC,SYBX
A,USD,STD,INDL,C,2836,2024-12-31,032381,NUCANA PLC -ADS,NCNA
I,USD,STD,INDL,C,2836,2024-12-31,032601,SCPHARMACEUTICALS INC,SCPH
A,USD,STD,INDL,C,2836,2024-12-31,032674,CUE BIOPHARMA,CUE
A,USD,STD,INDL,C,2836,2024-12-31,032749,ENTERA BIO LTD,ENTX
A,USD,STD,INDL,C,2836,2024-12-31,032894,SOLID BIOSCIENCES INC,SLDB
A,USD,STD,INDL,C,2834,2024-12-31,032897,SOL GEL TECHNOLOGIES LTD,SLGL
A,USD,STD,INDL,C,2836,2024-12-31,032901,SELLAS LIFE SCIENCES GROUP I,SLS
A,USD,STD,INDL,C,2836,2024-12-31,032908,ROCKET PHARMACEUTICALS INC,RCKT
A,USD,STD,INDL,C,2834,2024-12-31,032919,EVOLUS INC,EOLS
A,USD,STD,INDL,C,2836,2024-12-31,033114,VAXART INC,VXRT
A,USD,STD,INDL,C,2836,2024-12-31,033133,ARCUS BIOSCIENCES INC,RCUS
A,USD,STD,INDL,C,2836,2024-06-30,033155,LUNAI BIOWORKS INC,LNAI
A,USD,STD,INDL,C,2836,2025-06-30,033155,LUNAI BIOWORKS INC,LNAI
A,USD,STD,INDL,C,2836,2024-07-31,033184,RAFAEL HOLDINGS INC,RFL
A,USD,STD,INDL,C,2836,2025-07-31,033184,RAFAEL HOLDINGS INC,RFL
A,USD,STD,INDL,C,2834,2024-12-31,033227,HLS THERAPEUTICS INC,HLTRF
A,USD,STD,INDL,C,2834,2024-12-31,033743,AQUESTIVE THERAPETC INC,AQST
A,USD,STD,INDL,C,3674,2024-12-31,033858,DARKPULSE INC,DPLS
A,CAD,STD,INDL,C,2834,2024-12-31,033985,HERBAL DISPATCH INC,LUFFF
A,USD,STD,INDL,C,2834,2024-12-31,033997,ETON PHARMACEUTICALS,ETON
A,USD,STD,INDL,C,2836,2024-12-31,034025,BELITE BIO INC -ADR,BLTE
I,USD,STD,INDL,C,2836,2024-12-31,034135,Y MABS THERAPEUTICS INC,YMAB
A,USD,STD,INDL,C,2834,2024-12-31,034214,TRULIEVE CANNABIS CORP,TCNNF
A,USD,STD,INDL,C,2834,2024-12-31,034504,CRESCO LABS INC,CRLBF
A,USD,STD,INDL,C,2836,2024-12-31,034562,ORGANOGENESIS HOLDINGS INC,ORGO
A,USD,STD,INDL,C,2836,2024-12-31,034566,HOTH THERAPEUTICS INC,HOTH
A,CAD,STD,INDL,C,2836,2024-12-31,034570,CARDIOL THERAPEUTICS INC,CRDL
A,USD,STD,INDL,C,2836,2024-12-31,034578,GOSSAMER BIO INC,GOSS
A,USD,STD,INDL,C,7372,2024-12-31,034610,X3 HOLDINGS CO LTD,XTKG
A,USD,STD,INDL,C,2836,2024-12-31,034616,ALECTOR INC,ALEC
A,USD,STD,INDL,C,2834,2024-09-30,034621,CBDMD INC,YCBD
A,USD,STD,INDL,C,2834,2025-09-30,034621,CBDMD INC,YCBD
A,USD,STD,INDL,C,2836,2024-12-31,035136,IDEAYA BIOSCIENCES INC,IDYA
A,USD,STD,INDL,C,2836,2024-12-31,035137,BICYCLE THERAPEUTICS PLC,BCYC
A,USD,STD,INDL,C,3721,2024-04-30,035223,RED CAT HOLDINGS INC,RCAT
A,USD,STD,INDL,C,3721,2024-12-31,035223,RED CAT HOLDINGS INC,RCAT
A,CAD,STD,INDL,C,2834,2024-12-31,035355,ELSE NUTRITION HOLDINGS INC,BABYF
A,USD,STD,INDL,C,2836,2024-12-31,035638,VIR BIOTECHNOLOGY INC,VIR
I,USD,STD,INDL,C,2836,2024-12-31,035639,IGM BIOSCIENCES INC,IGMS
A,USD,STD,INDL,C,2836,2024-12-31,035712,OCUGEN INC,OCGN
A,USD,STD,INDL,C,3674,2024-12-31,035794,SITIME CORP,SITM
A,USD,STD,INDL,C,3674,2025-12-31,035794,SITIME CORP,SITM
A,USD,STD,INDL,C,2836,2024-12-31,035814,BIOMX INC,PHGE
A,USD,STD,INDL,C,2836,2024-03-31,035982,IMMUNOVANT INC,IMVT
A,USD,STD,INDL,C,2836,2025-03-31,035982,IMMUNOVANT INC,IMVT
A,USD,STD,INDL,C,7372,2024-12-31,036051,SCHRODINGER INC,SDGR
A,USD,STD,INDL,C,2836,2024-12-31,036052,BLACK DIAMOND THERAPEUTICS,BDTX
A,USD,STD,INDL,C,2836,2024-12-31,036140,PASSAGE BIO INC,PASG
A,USD,STD,INDL,C,2834,2024-12-31,036204,ENLIVEN THERAPEUTICS INC,ELVN
A,USD,STD,INDL,C,2836,2024-12-31,036264,ORIC PHARMACEUTICALS,ORIC
I,USD,STD,INDL,C,2834,2024-12-31,036276,NLS PHARMACEUTICS LTD,NLSP
A,USD,STD,INDL,C,2834,2024-12-31,036288,DEFINIUM THERAPEUTICS INC,DFTX
A,USD,STD,INDL,C,2836,2024-12-31,036301,ZENTALIS PHARMACEUTICALS INC,ZNTL
A,USD,STD,INDL,C,2834,2024-12-31,036328,KEROS THERAPEUTICS INC,KROS
A,USD,STD,INDL,C,2836,2024-12-31,036642,NKARTA INC,NKTX
A,USD,STD,INDL,C,2836,2024-12-31,036704,ALX ONCOLOGY HOLDI INC,ALXO
A,USD,STD,INDL,C,2836,2024-12-31,036987,ADICET BIO INC,ACET
A,USD,STD,INDL,C,2836,2024-12-31,037013,TAYSHA GENE THERPS INC,TSHA
I,USD,STD,INDL,C,2836,2024-12-31,037102,KRONOS BIO INC,KRON
A,USD,STD,INDL,C,2836,2024-12-31,037105,SPRUCE BIOSCIENCES INC,SPRB
A,USD,STD,INDL,C,2836,2024-12-31,037135,FOGHORN THERAPEUTICS INC,FHTX
A,USD,STD,INDL,C,7372,2024-12-31,037188,CLARITEV CORP,CTEV
A,USD,STD,INDL,C,2834,2024-12-31,037292,ATEA PHARMACEUTICALS INC,AVIR
A,USD,STD,INDL,C,3674,2024-03-31,037309,ALLEGRO MICROSYSTEMS INC,ALGM
A,USD,STD,INDL,C,3674,2025-03-31,037309,ALLEGRO MICROSYSTEMS INC,ALGM
A,USD,STD,INDL,C,2836,2024-12-31,037310,GALECTO INC,GLTO
A,USD,STD,INDL,C,2834,2024-12-31,037325,OPUS GENETICS INC,IRD
A,USD,STD,INDL,C,3721,2024-12-31,037373,EVE HOLDING INC,EVEX
A,USD,STD,INDL,C,2836,2024-12-31,037386,TAO SYNERGIES INC,TAOX
A,USD,STD,INDL,C,2836,2024-12-31,037412,OLEMA PHARMACEUTICALS INC,OLMA
A,CAD,STD,INDL,C,7372,2024-09-30,037512,DEFSEC TECHNOLOGIES INC,DFSC
A,CAD,STD,INDL,C,7372,2025-09-30,037512,DEFSEC TECHNOLOGIES INC,DFSC
A,USD,STD,INDL,C,2836,2024-12-31,037513,NEWAMSTERDAM PHARMA COMPANY,NAMS
A,USD,STD,INDL,C,2836,2025-12-31,037513,NEWAMSTERDAM PHARMA COMPANY,NAMS
A,USD,STD,INDL,C,2834,2024-12-31,037549,VIRPAX PHARMACEUTICALS INC,VRPX
I,USD,STD,INDL,C,2836,2024-12-31,037588,KINETA INC,KANT
A,USD,STD,INDL,C,2836,2024-12-31,037592,VINCERX PHARMA INC,VINC
A,USD,STD,INDL,C,7372,2024-01-31,037596,SENTINELONE INC,S
A,USD,STD,INDL,C,7372,2025-01-31,037596,SENTINELONE INC,S
A,USD,STD,INDL,C,7372,2024-12-31,037671,ISPECIMEN INC,ISPC
A,USD,STD,INDL,C,7372,2024-12-31,037674,MOTORSPORT GAMES INC,MSGM
A,USD,STD,INDL,C,2836,2024-12-31,037675,CULLINAN THERAPEUTICS INC,CGEM
A,CAD,STD,INDL,C,7372,2024-09-30,037679,LEDDARTECH HOLDINGS INC,LDTCF
A,USD,STD,INDL,C,2836,2024-12-31,037786,BOLT BIOTHRPTCS INC,BOLT
A,USD,STD,INDL,C,2836,2024-12-31,038027,DISC MEDICINE INC,IRON
A,USD,STD,INDL,C,2836,2024-12-31,038121,OCULIS HOLDING AG,OCS
A,USD,STD,INDL,C,7372,2024-12-31,038212,APPLOVIN CORP,APP
A,USD,STD,INDL,C,7372,2025-12-31,038212,APPLOVIN CORP,APP
A,CAD,STD,INDL,C,2836,2024-09-30,038223,BRIGHT MINDS BIOSCIENCES INC,DRUG
A,CAD,STD,INDL,C,2836,2025-09-30,038223,BRIGHT MINDS BIOSCIENCES INC,DRUG
A,USD,STD,INDL,C,2836,2024-12-31,038275,EUPRAXIA PHARMACEUTICALS INC,EPRX
A,USD,STD,INDL,C,2836,2024-12-31,038333,GAIN THERAPEUTICS INC,GANX
A,USD,STD,INDL,C,7372,2024-12-31,038350,GORILLA TECHNOLOGY GROUP INC,GRRR
A,USD,STD,INDL,C,7372,2024-12-31,038360,AIRSHIP AI HOLDINGS INC,AISP
A,USD,STD,INDL,C,7372,2025-12-31,038360,AIRSHIP AI HOLDINGS INC,AISP
A,USD,STD,INDL,C,2836,2024-12-31,038386,INSTIL BIO INC,TIL
A,USD,STD,INDL,C,2836,2024-12-31,038393,CHEMOMAB THERAPEU -ADR,CMMB
A,USD,STD,INDL,C,2836,2024-03-31,038400,PSYENCE BIOMEDICAL LTD,PBM
A,USD,STD,INDL,C,2836,2025-03-31,038400,PSYENCE BIOMEDICAL LTD,PBM
A,USD,STD,INDL,C,7372,2024-12-31,038412,DOUBLEVERIFY HOLD INC,DV
A,USD,STD,INDL,C,2836,2024-12-31,038453,ONKURE THERAPEUTICS INC,OKUR
A,USD,STD,INDL,C,3674,2024-12-31,038465,SKYWATER TECH INC,SKYT
A,USD,STD,INDL,C,2834,2024-12-31,038467,EDGEWISE THERA INC,EWTX
A,USD,STD,INDL,C,2836,2024-12-31,038469,IMAGENEBIO INC,IMA
A,USD,STD,INDL,C,2836,2024-12-31,038511,TRANSCODE THERAPEUTICS INC,RNAZ
I,USD,STD,INDL,C,2836,2024-12-31,038513,LAVA THERAPEUTICS N V,LVTX
A,USD,STD,INDL,C,7372,2024-12-31,038596,CREATEAI HOLDINGS INC,TSPH
A,USD,STD,INDL,C,2836,2024-12-31,038643,BARINTHUS BIOTHERAPEUTICS,BRNS
A,USD,STD,INDL,C,7372,2024-01-31,038646,UIPATH INC,PATH
A,USD,STD,INDL,C,7372,2025-01-31,038646,UIPATH INC,PATH
A,USD,STD,INDL,C,2836,2024-12-31,038649,NKGEN BIOTECH INC,NKGN
A,USD,STD,INDL,C,2834,2024-06-30,038661,UPEXI INC,UPXI
A,USD,STD,INDL,C,2834,2025-06-30,038661,UPEXI INC,UPXI
A,USD,STD,INDL,C,2834,2024-12-31,038687,ATAIBECKLEY INC,ATAI
A,USD,STD,INDL,C,2834,2024-06-30,038705,REGENCELL BIOSCIENCE HOL LTD,RGC
A,USD,STD,INDL,C,2834,2025-06-30,038705,REGENCELL BIOSCIENCE HOL LTD,RGC
A,USD,STD,INDL,C,2834,2024-06-30,038706,ANEBULO PHARMA INC,ANEB
A,USD,STD,INDL,C,2834,2025-06-30,038706,ANEBULO PHARMA INC,ANEB
A,USD,STD,INDL,C,2836,2024-12-31,038711,PALISADE BIO INC,PALI
A,USD,STD,INDL,C,7372,2024-12-31,038723,ZENVIA INC,ZENV
I,USD,STD,INDL,C,2836,2024-12-31,038738,TOURMALINE BIO INC,TRML
A,USD,STD,INDL,C,2836,2024-12-31,038782,VERA THERAPEUTICS INC,VERA
A,USD,STD,INDL,C,2836,2024-12-31,038783,SENTI BIOSCIENCES INC,SNTI
A,USD,STD,INDL,C,2836,2024-12-31,038857,JANUX THERAPEUTICS INC,JANX
A,CAD,STD,INDL,C,7372,2024-12-31,038861,EAST SIDE GAMES GROUP INC,EAGRF
A,USD,STD,INDL,C,2836,2024-12-31,038867,UNICYCIVE THERAPEUTICS INC,UNCY
A,USD,STD,INDL,C,2834,2024-12-31,038874,NRX PHARMACEUTICALS INC,NRXP
A,USD,STD,INDL,C,2836,2024-12-31,038900,HCW BIOLOGICS INC,HCWB
I,USD,STD,INDL,C,2836,2024-12-31,038908,VERVE THERAPEUTICS INC,VERV
A,USD,STD,INDL,C,2836,2024-12-31,038910,ACURX PHARMA INC,ACXP
A,USD,STD,INDL,C,2836,2024-12-31,038920,CENTURY THERAPEUTI INC,IPSC
A,USD,STD,INDL,C,2836,2024-12-31,039190,RANI THERAPET HOLD INC,RANI
A,USD,STD,INDL,C,2836,2024-12-31,039198,ERASCA INC,ERAS
A,USD,STD,INDL,C,2836,2024-12-31,039204,TENAYA THERAPEUTICS INC,TNYA
A,USD,STD,INDL,C,2836,2024-12-31,039266,INVIVYD INC,IVVD
A,USD,STD,INDL,C,3728,2024-09-30,039268,VISIONWAVE HOLDINGS INC,VWAV
A,USD,STD,INDL,C,3728,2025-09-30,039268,VISIONWAVE HOLDINGS INC,VWAV
A,USD,STD,INDL,C,2836,2024-12-31,039269,CANDEL THERAPTCS INC,CADL
A,USD,STD,INDL,C,2836,2024-12-31,039271,CLIMB BIO INC,CLYM
A,USD,STD,INDL,C,2836,2024-12-31,039277,CELULARITY INC,CELU
A,USD,STD,INDL,C,2836,2024-12-31,039417,SURROZEN INC,SRZN
A,USD,STD,INDL,C,7372,2024-12-31,039426,MYSEUM INC,MYSE
A,USD,STD,INDL,C,8731,2024-12-31,039442,SPIRE GLOBAL INC,SPIR
A,USD,STD,INDL,C,2836,2024-12-31,039477,TYRA BIOSCIENCES INC,TYRA
A,USD,STD,INDL,C,2836,2024-12-31,039501,CALIDI BIOTHERAPEUTICS INC,CLDI
A,USD,STD,INDL,C,2836,2024-12-31,039525,HUMACYTE INC,HUMA
A,USD,STD,INDL,C,2836,2024-12-31,039527,WHITEHAWK THERAPEUTICS INC,WHWK
A,USD,STD,INDL,C,7372,2024-12-31,039530,GDEV INC,GDEV
A,USD,STD,INDL,C,2836,2024-12-31,039573,OCEAN BIOMEDICAL INC,OCEA
A,USD,STD,INDL,C,2836,2024-12-31,039693,APOLLOMICS INC,APLM
A,USD,STD,INDL,C,2834,2024-12-31,039774,VENTYX BIOSCIENCES INC,VTYX
A,USD,STD,INDL,C,3674,2024-12-31,039822,GLOBALFOUNDRIES INC,GFS
A,USD,STD,INDL,C,2836,2024-12-31,039899,IO BIOTECH INC,IOBT
A,USD,STD,INDL,C,3674,2024-12-31,039903,GCT SEMICONDUCTOR HOLDNG INC,GCTS
I,USD,STD,INDL,C,2836,2024-12-31,039907,2SEVENTY BIO INC,TSVT
A,USD,STD,INDL,C,2836,2024-12-31,039912,NEUROSENSE THERAPEUTICS LTD,NRSN
A,USD,STD,INDL,C,2836,2024-12-31,040237,GENENTA SCIENCE S.P.A.,GNTA
A,USD,STD,INDL,C,2836,2024-10-31,040321,ENGENE HOLDINGS INC,ENGN
A,USD,STD,INDL,C,2836,2025-10-31,040321,ENGENE HOLDINGS INC,ENGN
A,USD,STD,INDL,C,3674,2024-12-31,040416,TOYO CO LTD,TOYO
A,USD,STD,INDL,C,2834,2024-12-31,040557,CDT EQUITY INC,CDT
A,USD,STD,INDL,C,2836,2024-12-31,040610,ARCELLX INC,ACLX
A,USD,STD,INDL,C,7372,2024-12-31,040660,ACLARION INC,ACON
A,USD,STD,INDL,C,2836,2024-12-31,040720,AKTIS ONCOLOGY INC,AKTS
A,CAD,STD,INDL,C,7372,2024-12-31,041300,FEMTO TECHNOLOGIES INC,FMTOF
A,USD,STD,INDL,C,2834,2024-12-31,041309,SHUTTLE PHARMACEUTICAL H INC,SHPH
A,USD,STD,INDL,C,3674,2024-12-31,041328,NANO LABS LTD,NA
A,USD,STD,INDL,C,3674,2024-06-30,041441,AELUMA INC,ALMU
A,USD,STD,INDL,C,3674,2025-06-30,041441,AELUMA INC,ALMU
A,USD,STD,INDL,C,2836,2024-12-31,041448,LIPELLA PHARMACEUTICALS INC,LIPO
A,USD,STD,INDL,C,2836,2024-12-31,041615,PRIME MEDICINE INC,PRME
A,USD,STD,INDL,C,2836,2024-12-31,041616,CADRENAL THERAPEUT INC,CVKD
A,USD,STD,INDL,C,2836,2024-12-31,041659,POLYRIZON LTD,PLRZ
A,USD,STD,INDL,C,7372,2024-12-31,041936,BULLFROG AI HOLDINGS INC,BFRG
A,USD,STD,INDL,C,7372,2024-12-31,042013,XIAO-I CORP -ADR,AIXI
A,USD,STD,INDL,C,2836,2024-12-31,042031,CYTOMED THERAPEUTICS LIMITED,GDTC
I,USD,STD,INDL,C,8731,2024-04-30,043082,PIXIE DUST TECHNOLOGIES -ADR,PXDT
A,USD,STD,INDL,C,2836,2024-12-31,043091,APOGEE THERAPEUTICS INC,APGE
A,USD,STD,INDL,C,3674,2024-03-31,043285,ARM HOLDINGS PLC,ARM
A,USD,STD,INDL,C,3674,2025-03-31,043285,ARM HOLDINGS PLC,ARM
A,USD,STD,INDL,C,2834,2024-12-31,043287,NEUMORA THERAPEUTICS INC,NMRA
A,USD,STD,INDL,C,2836,2024-12-31,043382,ADLAI NORTYE LTD,ANL
A,USD,STD,INDL,C,2836,2024-12-31,043385,LEXEO THERAPEUTICS INC,LXEO
A,USD,STD,INDL,C,2836,2024-12-31,043442,KAIROS PHARMA LTD,KAPA
A,USD,STD,INDL,C,2836,2024-12-31,043541,IMPACT BIOMEDICAL INC,IBO
A,USD,STD,INDL,C,2834,2024-12-31,043837,ALTO NEUROSCIENCE INC,ANRO
A,USD,STD,INDL,C,2834,2024-12-31,043842,NEONC TECHNOLOGI HOLDING INC,NTHI
A,USD,STD,INDL,C,2836,2024-12-31,043843,KYVERNA THERAPEUTICS INC,KYTX
A,USD,STD,INDL,C,2834,2024-12-31,043928,TELOMIR PHARMACEUTICALS INC,TELO
A,USD,STD,INDL,C,2836,2024-12-31,043931,EXOZYMES INC,EXOZ
A,USD,STD,INDL,C,3674,2024-12-31,045094,ASTERA LABS INC,ALAB
A,USD,STD,INDL,C,3674,2025-12-31,045094,ASTERA LABS INC,ALAB
A,CAD,STD,INDL,C,7372,2024-12-31,045098,ZENATECH INC,ZENA
A,USD,STD,INDL,C,2836,2024-12-31,045157,BOUNDLESS BIO INC,BOLD
A,USD,STD,INDL,C,3728,2024-12-31,045265,LOAR HOLDINGS INC,LOAR
A,USD,STD,INDL,C,7372,2024-01-31,045281,RUBRIK INC,RBRK
A,USD,STD,INDL,C,7372,2025-01-31,045281,RUBRIK INC,RBRK
A,USD,STD,INDL,C,7372,2024-01-31,045768,SAILPOINT INC,SAIL
A,USD,STD,INDL,C,7372,2025-01-31,045768,SAILPOINT INC,SAIL
A,USD,STD,INDL,C,2836,2024-12-31,045769,SIONNA THERAPEUTICS INC,SION
A,USD,STD,INDL,C,2834,2024-12-31,045804,AARDVARK THERAPEUTICS INC,AARD
A,USD,STD,INDL,C,2834,2024-12-31,050567,BIOAGE LABS INC,BIOA
A,USD,STD,INDL,C,2834,2024-12-31,050881,CORDYCEPS SUNSH BI HO CO LTD,RAJAF
A,USD,STD,INDL,C,7372,2024-07-31,051733,CTW CAYMAN,CTW
A,USD,STD,INDL,C,7372,2025-07-31,051733,CTW CAYMAN,CTW
A,USD,STD,INDL,C,7372,2024-09-30,051903,DARKIRIS INC,DKI
A,USD,STD,INDL,C,7372,2025-09-30,051903,DARKIRIS INC,DKI
A,USD,STD,INDL,C,3674,2024-12-31,060707,AMBIQ MICRO INC,AMBQ
A,USD,STD,INDL,C,2836,2024-12-31,061655,NOVAVAX INC,NVAX
A,USD,STD,INDL,C,2834,2024-12-31,061711,TG THERAPEUTICS INC,TGTX
A,USD,STD,INDL,C,7372,2024-12-31,061902,NICE LTD,NICE
A,USD,STD,INDL,C,2836,2024-12-31,062525,AIM IMMUNOTECH INC,AIM
I,USD,STD,INDL,C,7372,2024-12-31,063080,ANSYS INC,ANSS
A,USD,STD,INDL,C,7372,2024-12-31,063169,DASSAULT SYSTEMES SE,DASTY
A,USD,STD,INDL,C,7372,2025-12-31,063169,DASSAULT SYSTEMES SE,DASTY
A,USD,STD,INDL,C,7372,2024-12-31,063290,PEGASYSTEMS INC,PEGA
A,USD,STD,INDL,C,7372,2025-12-31,063290,PEGASYSTEMS INC,PEGA
A,USD,STD,INDL,C,2836,2024-12-31,063446,AINOS INC,AIMD
A,USD,STD,INDL,C,7372,2024-12-31,063454,AWARE INC,AWRE
A,USD,STD,INDL,C,2836,2024-12-31,063562,COSCIENS BIOPHARMA INC,CSCIF
I,USD,STD,INDL,C,3728,2024-03-31,063876,TRIUMPH GROUP INC,TGI
I,USD,STD,INDL,C,3728,2025-03-31,063876,TRIUMPH GROUP INC,TGI
A,USD,STD,INDL,C,7372,2024-08-31,064929,SIMULATIONS PLUS INC,SLP
A,USD,STD,INDL,C,7372,2025-08-31,064929,SIMULATIONS PLUS INC,SLP
A,USD,STD,INDL,C,7372,2024-02-29,065986,BLACKBERRY LTD,BB
A,USD,STD,INDL,C,7372,2025-02-28,065986,BLACKBERRY LTD,BB
A,CAD,STD,INDL,C,3674,2024-12-31,066385,EGUANA TECHNOLOGIES LTD,EGTYF
A,USD,STD,INDL,C,3674,2024-06-30,066393,MERCURY SYSTEMS INC,MRCY
A,USD,STD,INDL,C,3674,2025-06-30,066393,MERCURY SYSTEMS INC,MRCY
A,USD,STD,INDL,C,2836,2024-12-31,074422,TURN THERAPEUTICS INC,TTRX
A,USD,STD,INDL,C,7372,2024-01-31,074615,NAVAN INC,NAVN
A,USD,STD,INDL,C,7372,2025-01-31,074615,NAVAN INC,NAVN
A,USD,STD,INDL,C,2834,2024-12-31,075443,VERADERMICS INC,MANE
A,USD,STD,INDL,C,2836,2024-12-31,075455,EIKON THERAPEUTICS INC,EIKN
A,USD,STD,INDL,C,2834,2024-03-31,100718,TAKEDA PHARMACEUTICAL CO LTD,TAK
A,USD,STD,INDL,C,2834,2025-03-31,100718,TAKEDA PHARMACEUTICAL CO LTD,TAK
A,USD,STD,INDL,C,7372,2024-12-31,101361,WOLTERS KLUWER NV,WTKWY
A,USD,STD,INDL,C,7372,2024-12-31,103487,SAP SE,SAP
A,USD,STD,INDL,C,7372,2025-12-31,103487,SAP SE,SAP
A,CAD,STD,INDL,C,2834,2024-12-31,106808,BIOSYENT INC,BIOYF
A,CAD,STD,INDL,C,7372,2024-09-30,108557,BLOCKCHAINK2 CORP,BIDCF
A,CAD,STD,INDL,C,7372,2025-09-30,108557,BLOCKCHAINK2 CORP,BIDCF
A,USD,STD,INDL,C,3674,2024-12-31,110760,AXT INC,AXTI
A,USD,STD,INDL,C,3674,2025-12-31,110760,AXT INC,AXTI
A,USD,STD,INDL,C,7372,2024-12-31,111534,STRATEGY INC,MSTR
A,USD,STD,INDL,C,7372,2025-12-31,111534,STRATEGY INC,MSTR
A,USD,STD,INDL,C,2834,2024-06-30,117116,KAZIA THERAPEUTICS LIMITED,KZIA
A,USD,STD,INDL,C,2834,2025-06-30,117116,KAZIA THERAPEUTICS LIMITED,KZIA
A,CAD,STD,INDL,C,2836,2024-12-31,119297,MEDICURE INC,MCUJF
A,USD,STD,INDL,C,2836,2024-12-31,036394,LANTERN PHARMA INC,LTRN
A,USD,STD,INDL,C,2834,2024-12-31,036402,BIOHARVEST SCIENCES INC,BHST
A,USD,STD,INDL,C,2836,2024-12-31,036465,KIROMIC BIOPHARMA INC,KRBPQ
A,USD,STD,INDL,C,2836,2024-12-31,036473,AVIDITY BIOSCIENCE INC,RNA
A,USD,STD,INDL,C,2834,2024-12-31,036474,ROYALTY PHARMA PLC,RPRX
A,USD,STD,INDL,C,2834,2025-12-31,036474,ROYALTY PHARMA PLC,RPRX
A,USD,STD,INDL,C,2836,2024-12-31,036475,AIXCRYPTO HOLDINGS INC,AIXC
A,USD,STD,INDL,C,2836,2024-12-31,036482,LEGEND BIOTEC COR -ADR,LEGN
A,CAD,STD,INDL,C,2834,2024-12-31,036519,IM CANNABIS CORP,IMCC
A,CAD,STD,INDL,C,2834,2024-08-31,036528,NUMINUS WELLNESS INC,NUMIF
A,USD,STD,INDL,C,2836,2024-12-31,036530,DOGWOOD THERAPEUTICS INC,DWTX
A,USD,STD,INDL,C,2836,2024-12-31,036536,LARIMAR THERAPEUTICS INC,LRMR
I,USD,STD,INDL,C,2836,2024-12-31,036679,ITEOS THERAPEUTICS INC,ITOS
A,USD,STD,INDL,C,2836,2024-12-31,036700,IMMATICS NV,IMTX
A,USD,STD,INDL,C,2836,2024-12-31,036787,INHIBIKASE THERAPE INC,IKT
A,USD,STD,INDL,C,2834,2024-12-31,036847,HARMONY BIOSC HOLD INC,HRMY
A,USD,STD,INDL,C,2836,2024-12-31,036848,REVELATION BIOSCIENCES INC,REVB
A,USD,STD,INDL,C,3674,2024-12-31,036853,MAXEON SOLAR TECHNOLOGIES,MAXN
A,USD,STD,INDL,C,7372,2024-12-31,036945,JFROG LTD,FROG
A,USD,STD,INDL,C,7372,2025-12-31,036945,JFROG LTD,FROG
A,USD,STD,INDL,C,2836,2024-12-31,037035,IMMUNOME INC,IMNM
A,USD,STD,INDL,C,2836,2024-12-31,037036,PMV PHARMACEUTICALS INC,PMVP
A,USD,STD,INDL,C,2834,2024-12-31,037062,CALCIMEDICA INC,CALC
A,USD,STD,INDL,C,2836,2024-12-31,037063,PRELUDE THERAPEUTICS INC,PRLD
A,USD,STD,INDL,C,2836,2024-12-31,037081,C4 THERAPEUTICS INC,CCCC
A,USD,STD,INDL,C,2834,2024-12-31,037082,TARSUS PHARMACEUTI INC,TARS
A,USD,STD,INDL,C,2836,2024-12-31,037084,ALIGOS THERAPEUTICS INC,ALGS
A,USD,STD,INDL,C,7372,2024-12-31,037159,IHUMAN INC -ADR,IH
A,USD,STD,INDL,C,2836,2024-12-31,037352,IN8BIO INC,INAB
A,USD,STD,INDL,C,8731,2024-12-31,037354,MARAVAI LIFESCIENS HLDGS INC,MRVI
A,USD,STD,INDL,C,2836,2024-12-31,037364,COMPASS THERAPEUTICS INC,CMPX
A,USD,STD,INDL,C,2834,2024-12-31,037473,PETROS PHARMACEUTICALS INC,PTPI
A,CAD,STD,INDL,C,7372,2024-12-31,037574,ABAXX TECHNOLOGIES INC,ABXXF
A,USD,STD,INDL,C,2836,2024-12-31,037633,CLENE INC,CLNN
A,USD,STD,INDL,C,2836,2024-12-31,037640,ENVERIC BIOSCIENCES INC,ENVB
A,USD,STD,INDL,C,2836,2024-06-30,037684,MOOLEC SCIENCE SA,MLEC
A,USD,STD,INDL,C,2836,2025-06-30,037684,MOOLEC SCIENCE SA,MLEC
A,USD,STD,INDL,C,2834,2024-12-31,037707,SCILEX HOLDING CO,SCLX
A,USD,STD,INDL,C,7372,2024-12-31,037750,TOPICUS.COM INC,TOITF
A,USD,STD,INDL,C,7372,2024-12-31,037752,PLAYTIKA HOLDING CORP,PLTK
A,USD,STD,INDL,C,2836,2024-12-31,037803,PHARVARIS NV,PHVS
A,USD,STD,INDL,C,2836,2024-12-31,037807,LONGEVERON INC,LGVN
A,USD,STD,INDL,C,2836,2024-12-31,037844,VOR BIOPHARMA INC,VOR
A,USD,STD,INDL,C,2834,2024-12-31,037848,TERNS PHARMACEUTIC INC,TERN
A,USD,STD,INDL,C,2834,2024-12-31,037851,HIMS & HERS HEALTH INC,HIMS
A,USD,STD,INDL,C,2836,2024-12-31,037857,AEON BIOPHARMA INC,AEON
A,USD,STD,INDL,C,7372,2024-01-31,037895,COGNYTE SOFTWARE LTD,CGNT
A,USD,STD,INDL,C,7372,2025-01-31,037895,COGNYTE SOFTWARE LTD,CGNT
A,USD,STD,INDL,C,2836,2024-12-31,037938,GRI BIO INC,GRI
A,USD,STD,INDL,C,2836,2025-12-31,037938,GRI BIO INC,GRI
A,USD,STD,INDL,C,7372,2024-12-31,038040,BRAND ENGAGEMENT NETWORK INC,BNAI
A,USD,STD,INDL,C,2834,2024-12-31,038076,NUVATION BIO INC,NUVB
A,USD,STD,INDL,C,2836,2024-12-31,038082,COEPTIS THERAPEUTIC HOLD INC,COEP
A,USD,STD,INDL,C,7372,2024-12-31,038087,SOUNDHOUND AI INC,SOUN
A,USD,STD,INDL,C,2834,2024-12-31,038139,VERANO HOLDINGS CORP,VRNO
A,USD,STD,INDL,C,7372,2024-12-31,038308,ONEMEDNET CORP,ONMD
A,USD,STD,INDL,C,2836,2024-12-31,038422,CONNECT BIOPHARMA HOLDIG LTD,CNTB
A,USD,STD,INDL,C,2836,2024-12-31,038441,DESIGN THERAPEUTIS INC,DSGN
A,USD,STD,INDL,C,2836,2024-12-31,038529,BIOMEA FUSION INC,BMEA
A,USD,STD,INDL,C,2836,2024-06-30,038535,ESTRELLA IMMUNOPHARMA INC,ESLA
A,USD,STD,INDL,C,2836,2024-12-31,038790,SAGIMET BIOSCIENCES INC,SGMT
A,USD,STD,INDL,C,2836,2024-04-30,038791,ALZAMEND NEURO INC,ALZN
A,USD,STD,INDL,C,2836,2025-04-30,038791,ALZAMEND NEURO INC,ALZN
A,USD,STD,INDL,C,2836,2024-12-31,038804,ZYVERSA THERAPEUTICS INC,ZVSA
A,USD,STD,INDL,C,2836,2024-12-31,038805,CENTESSA PHARMACEUTICALS PLC,CNTA
A,USD,STD,INDL,C,2836,2024-09-30,038840,CITIUS ONCOLOGY INC,CTOR
A,USD,STD,INDL,C,2836,2025-09-30,038840,CITIUS ONCOLOGY INC,CTOR
A,USD,STD,INDL,C,2836,2024-12-31,038883,LYELL IMMUNOPHARMA INC,LYEL
A,USD,STD,INDL,C,7372,2024-12-31,038931,CONFLUENT INC,CFLT
A,USD,STD,INDL,C,7372,2025-12-31,038931,CONFLUENT INC,CFLT
A,USD,STD,INDL,C,8731,2024-12-31,038979,NAUTILUS BIOTECHNOLOGY INC,NAUT
A,USD,STD,INDL,C,2836,2024-12-31,038986,ACUMEN PHARMACEUTICALS INC,ABOS
A,USD,STD,INDL,C,2836,2024-12-31,038987,JADE BIOSCIENCES INC,JBIO
A,USD,STD,INDL,C,2836,2024-12-31,039028,ZURA BIO LIMITED,ZURA
I,USD,STD,INDL,C,2836,2024-12-31,039060,ELEVATION ONCOL INC,ELEV
A,USD,STD,INDL,C,2834,2024-12-31,039063,LENZ THERAPEUTICS INC,LENZ
A,USD,STD,INDL,C,8731,2024-12-31,039077,STEVANATO GROUP S P A,STVN
A,USD,STD,INDL,C,3674,2024-09-30,039121,MOBIX LABS INC,MOBX
A,USD,STD,INDL,C,3674,2025-09-30,039121,MOBIX LABS INC,MOBX
A,USD,STD,INDL,C,2836,2024-12-31,039160,ENSYSCE BIOSCIENCES INC,ENSC
A,USD,STD,INDL,C,8731,2024-12-31,039246,CYTEK BIOSCIENCES INC,CTKB
A,USD,STD,INDL,C,2834,2024-12-31,039342,BIOFRONTERA INC,BFRI
A,USD,STD,INDL,C,2836,2024-12-31,039344,NUVALENT INC,NUVL
A,USD,STD,INDL,C,2834,2024-12-31,039633,CONTEXT THERAPEUTICS INC,CNTX
A,USD,STD,INDL,C,2836,2024-12-31,039642,MINK THERAPEUTICS INC,INKT
A,USD,STD,INDL,C,2836,2024-12-31,039649,CERO THERAPEUTICS HLDGS INC,CERO
A,USD,STD,INDL,C,3674,2024-12-31,039786,VALENS SEMICONDUCTOR LTD,VLN
A,USD,STD,INDL,C,2836,2024-03-31,039791,ROIVANT SCIENCES LTD,ROIV
A,USD,STD,INDL,C,2836,2025-03-31,039791,ROIVANT SCIENCES LTD,ROIV
A,USD,STD,INDL,C,2836,2024-12-31,039839,NUVECTIS PHARMA INC,NVCT
A,USD,STD,INDL,C,2836,2025-12-31,039839,NUVECTIS PHARMA INC,NVCT
A,USD,STD,INDL,C,2834,2024-12-31,039881,JUPITER NEUROSCIENCES INC,JUNS
A,USD,STD,INDL,C,3674,2024-12-31,039931,NAVITAS SEMICONDUCTOR CORP,NVTS
A,USD,STD,INDL,C,2836,2024-12-31,039959,TC BIOPHARM HOLDINGS PLC,TCBPY
A,USD,STD,INDL,C,7372,2024-03-31,040084,ROADZEN INC,RDZN
A,USD,STD,INDL,C,7372,2025-03-31,040084,ROADZEN INC,RDZN
I,USD,STD,INDL,C,2836,2024-12-31,040307,VIGIL NEUROSCIENCE INC,VIGL
A,USD,STD,INDL,C,3674,2024-12-31,040460,PERASO INC,PRSO
A,USD,STD,INDL,C,2834,2024-12-31,040470,AMYLYX PHARMACEUTICALS INC,AMLX
A,USD,STD,INDL,C,3674,2024-04-30,040532,CREDO TECH GROUP HOLDING LTD,CRDO
A,USD,STD,INDL,C,3674,2025-04-30,040532,CREDO TECH GROUP HOLDING LTD,CRDO
A,USD,STD,INDL,C,2834,2024-12-31,040833,AN2 THERAPEUTICS INC,ANTX
I,USD,STD,INDL,C,2836,2024-12-31,041118,HILLEVAX INC,HLVX
I,USD,STD,INDL,C,2836,2024-12-31,041522,THIRD HARMONIC BIO INC,THRD
A,USD,STD,INDL,C,2836,2024-12-31,041538,GENELUX CORP,GNLX
A,USD,STD,INDL,C,7372,2024-12-31,041539,XPERI INC,XPER
A,USD,STD,INDL,C,3674,2024-12-31,041548,INTCHAINS GROUP LTD  -ADR,ICG
A,USD,STD,INDL,C,7372,2024-12-31,041640,MOBILEYE GLOBAL INC,MBLY
A,USD,STD,INDL,C,7372,2025-12-31,041640,MOBILEYE GLOBAL INC,MBLY
A,USD,STD,INDL,C,2834,2024-12-31,041684,ACRIVON THERAPEUTICS INC,ACRV
A,USD,STD,INDL,C,7372,2024-12-31,041685,GAXOS.AI INC,GXAI
A,USD,STD,INDL,C,7372,2024-12-31,041686,SNAIL INC,SNAL
A,USD,STD,INDL,C,2836,2024-12-31,041878,COYA THERAPEUTICS INC,COYA
A,CAD,STD,INDL,C,3721,2024-05-31,041998,NEW HORIZON AIRCRAFT LTD,HOVR
A,CAD,STD,INDL,C,3721,2025-05-31,041998,NEW HORIZON AIRCRAFT LTD,HOVR
A,USD,STD,INDL,C,7372,2024-12-31,042244,LUMINE GROUP INC,LMGIF
A,USD,STD,INDL,C,3674,2024-12-31,042262,SEALSQ CORP,LAES
A,USD,STD,INDL,C,8731,2024-12-31,043026,FORTREA HOLDINGS INC,FTRE
I,USD,STD,INDL,C,2836,2024-12-31,043137,TURNSTONE BIOLOGICS CORP,TSBX
A,USD,STD,INDL,C,2836,2024-12-31,043455,MEDICUS PHARMA LTD,MDCX
A,USD,STD,INDL,C,2836,2024-12-31,043574,FIBROBIOLOGICS INC,FBLG
A,USD,STD,INDL,C,2834,2024-06-30,043715,GELTEQ LTD,GELS
A,USD,STD,INDL,C,2834,2025-06-30,043715,GELTEQ LTD,GELS
A,USD,STD,INDL,C,2836,2024-12-31,043858,CG ONCOLOGY INC,CGON
A,USD,STD,INDL,C,2836,2024-12-31,043861,ARRIVENT BIOPHARMA INC,AVBP
A,USD,STD,INDL,C,2834,2024-12-31,045151,CONTINEUM THERAPEUTICS INC,CTNM
A,USD,STD,INDL,C,2836,2024-12-31,045412,RAPPORT THERAPEUTICS INC,RAPP
A,USD,STD,INDL,C,3571,2024-12-31,050382,ZSPACE INC,ZSPC
A,USD,STD,INDL,C,2836,2024-12-31,050724,APIMEDS PHARMACEUTICA US INC,APUS
A,USD,STD,INDL,C,2834,2024-12-31,050874,CURANEX PHARMACEUTICALS INC,CURX
A,USD,STD,INDL,C,7372,2024-12-31,060849,FIGMA INC,FIG
A,USD,STD,INDL,C,2836,2024-12-31,061140,WINDTREE THERAPEUTICS INC,WINT
A,USD,STD,INDL,C,7372,2024-12-31,061321,SMITH MICRO SOFTWARE INC,SMSI
A,USD,STD,INDL,C,2836,2024-12-31,061673,NUO THERAPEUTICS INC,AURX
A,USD,STD,INDL,C,2834,2024-06-30,061880,INTEGRATED BIOPHARMA INC,INBP
A,USD,STD,INDL,C,2834,2025-06-30,061880,INTEGRATED BIOPHARMA INC,INBP
A,USD,STD,INDL,C,2834,2024-05-31,062169,LIFECORE BIOMEDL INC,LFCR
A,USD,STD,INDL,C,2834,2025-05-31,062169,LIFECORE BIOMEDL INC,LFCR
A,USD,STD,INDL,C,2836,2024-12-31,062475,ARBUTUS BIOPHARMA CORP,ABUS
A,USD,STD,INDL,C,7372,2024-12-31,063185,CHECK POINT SOFTWARE TECHN,CHKP
A,USD,STD,INDL,C,7372,2025-12-31,063185,CHECK POINT SOFTWARE TECHN,CHKP
A,CAD,STD,INDL,C,7372,2024-10-31,063476,ENGHOUSE SYSTEMS LTD,EGHSF
A,CAD,STD,INDL,C,7372,2025-10-31,063476,ENGHOUSE SYSTEMS LTD,EGHSF
A,USD,STD,INDL,C,3721,2024-12-31,063477,BAE SYSTEMS PLC,BAESY
A,USD,STD,INDL,C,7372,2024-09-30,064077,SIDECHANNEL INC,SDCHD
A,USD,STD,INDL,C,7372,2025-09-30,064077,SIDECHANNEL INC,SDCHD
A,USD,STD,INDL,C,2836,2024-12-31,064334,VERICEL CORP,VCEL
A,CAD,STD,INDL,C,7372,2024-03-31,064492,COMPUTER MODELLING GROUP LTD,CMDXF
A,CAD,STD,INDL,C,7372,2025-03-31,064492,COMPUTER MODELLING GROUP LTD,CMDXF
A,USD,STD,INDL,C,7372,2024-03-31,064630,TAKE-TWO INTERACTIVE SFTWR,TTWO
A,USD,STD,INDL,C,7372,2025-03-31,064630,TAKE-TWO INTERACTIVE SFTWR,TTWO
A,USD,STD,INDL,C,2834,2024-06-30,064717,INMED PHARMACEUTICALS INC,INM
A,USD,STD,INDL,C,2834,2025-06-30,064717,INMED PHARMACEUTICALS INC,INM
A,USD,STD,INDL,C,3674,2024-12-31,065036,QUICKLOGIC CORP,QUIK
A,USD,STD,INDL,C,2836,2024-12-31,065703,INHIBITOR THERAPEUTICS INC,INTI
A,USD,STD,INDL,C,2834,2024-12-31,065944,ASSERTIO HOLDINGS INC,ASRT
A,USD,STD,INDL,C,3674,2024-12-31,066032,POWER INTEGRATIONS INC,POWI
A,USD,STD,INDL,C,3674,2025-12-31,066032,POWER INTEGRATIONS INC,POWI
A,USD,STD,INDL,C,2836,2024-12-31,066042,BIORESTORATIVE THERAPIES INC,BRTX
A,USD,STD,INDL,C,7372,2024-01-31,066326,DESCARTES SYSTEMS GROUP INC,DSGX
A,USD,STD,INDL,C,7372,2025-01-31,066326,DESCARTES SYSTEMS GROUP INC,DSGX
A,USD,STD,INDL,C,2834,2024-12-31,066552,LIMITLESS X HOLDINGS INC,LIMX
A,USD,STD,INDL,C,2834,2024-12-31,074388,LB PHARMACEUTICALS INC,LBRX
A,USD,STD,INDL,C,2836,2024-12-31,074570,MAPLIGHT THERAPEUTICS INC,MPLT
A,USD,STD,INDL,C,3674,2024-12-31,074813,QNITY ELECTRONICS INC,Q
A,USD,STD,INDL,C,2834,2024-12-31,075352,SPYGLASS PHARMA INC,SGP
A,USD,STD,INDL,C,2834,2024-12-31,075357,AGOMAB THERAPEUTICS NV,AGMB
A,USD,STD,INDL,C,2834,2024-12-31,075428,POLARYX THERAPEUTICS INC,PLYX
A,USD,STD,INDL,C,2834,2024-12-31,101204,SANOFI,SNY
A,USD,STD,INDL,C,2834,2024-12-31,101310,NOVARTIS AG,NVS
A,USD,STD,INDL,C,2834,2024-03-31,106261,ELITE PHARMACEUTICALS INC,ELTP
A,USD,STD,INDL,C,2834,2025-03-31,106261,ELITE PHARMACEUTICALS INC,ELTP
A,USD,STD,INDL,C,3674,2024-06-30,107399,ENABLENCE TECHNOLOGIES INC,ENAFF
A,USD,STD,INDL,C,3674,2025-06-30,107399,ENABLENCE TECHNOLOGIES INC,ENAFF
A,USD,STD,INDL,C,7372,2024-06-30,107446,NETSOL TECHNOLOGIES INC,NTWK
A,USD,STD,INDL,C,7372,2025-06-30,107446,NETSOL TECHNOLOGIES INC,NTWK
A,USD,STD,INDL,C,3674,2024-12-31,110039,AMKOR TECHNOLOGY INC,AMKR
A,USD,STD,INDL,C,3674,2025-12-31,110039,AMKOR TECHNOLOGY INC,AMKR
A,CAD,STD,INDL,C,7372,2024-04-30,112820,TECSYS INC,TCYSF
A,CAD,STD,INDL,C,7372,2025-04-30,112820,TECSYS INC,TCYSF
A,USD,STD,INDL,C,2834,2024-12-31,112968,MANNATECH INC,MTEX
A,USD,STD,INDL,C,7372,2024-12-31,114881,KIDOZ INC,KDOZF
A,USD,STD,INDL,C,3674,2024-01-31,117768,NVIDIA CORP,NVDA
A,USD,STD,INDL,C,3674,2025-01-31,117768,NVIDIA CORP,NVDA
A,CAD,STD,INDL,C,2836,2024-03-31,118183,BURCON NUTRASCIENCE CORP,BRCNF
A,CAD,STD,INDL,C,2836,2025-03-31,118183,BURCON NUTRASCIENCE CORP,BRCNF
A,CAD,STD,INDL,C,2834,2025-03-31,035382,APPILI THERAPEUTICS INC,APLIF
A,USD,STD,INDL,C,2834,2024-12-31,035403,CNS PHARMACEUTICALS INC,CNSP
A,USD,STD,INDL,C,2836,2024-12-31,035416,ANNOVIS BIO INC,ANVS
A,USD,STD,INDL,C,2836,2024-12-31,035429,RAPT THERAPEUTICS INC,RAPT
A,CAD,STD,INDL,C,2834,2024-12-31,035430,SNDL INC,SNDL
A,USD,STD,INDL,C,2834,2024-12-31,035472,EMMAUS LIFE SCIENCES INC,EMMA
A,CAD,STD,INDL,C,2834,2024-12-31,035473,AVICANNA INC,AVCNF
A,USD,STD,INDL,C,2836,2024-12-31,035477,DECOY THERAPEUTICS INC,DCOY
I,USD,STD,INDL,C,2836,2024-12-31,035600,SPRINGWORKS THERAPEUTICS INC,SWTX
A,USD,STD,INDL,C,7372,2024-09-30,035614,CERENCE INC,CRNC
A,USD,STD,INDL,C,7372,2025-09-30,035614,CERENCE INC,CRNC
A,USD,STD,INDL,C,2836,2024-12-31,035768,GALERA THERAPEUTICS INC,GRTX
I,USD,STD,INDL,C,2836,2024-12-31,035776,89BIO INC,ETNB
A,USD,STD,INDL,C,3721,2024-12-31,035832,EHANG HOLDINGS LIMITED,EH
A,USD,STD,INDL,C,2834,2024-09-30,035835,BGM GROUP LTD,BGM
A,USD,STD,INDL,C,2836,2024-12-31,035836,NOVABRIDGE BIOSCIENCES,NBP
A,USD,STD,INDL,C,3674,2024-12-31,035837,CANAAN INC,CAN
A,USD,STD,INDL,C,3674,2025-12-31,035837,CANAAN INC,CAN
A,USD,STD,INDL,C,2836,2024-12-31,035946,EVOMMUNE INC,EVMN
A,USD,STD,INDL,C,2834,2024-12-31,035958,ADITXT INC,ADTX
A,USD,STD,INDL,C,2834,2024-12-31,036028,ARCUTIS BIOTHERAPEUTICS INC,ARQT
A,USD,STD,INDL,C,2836,2024-12-31,036044,PROTARA THERAPEUTICS INC,TARA
A,USD,STD,INDL,C,2834,2024-08-31,036096,ALLIED CORP,ALID
A,USD,STD,INDL,C,2836,2024-09-30,036356,HYPERLIQUID STRATEGIES INC,PURR
A,USD,STD,INDL,C,2834,2024-12-31,036464,PLIANT THERAPEUTICS INC,PLRX
I,USD,STD,INDL,C,2836,2024-12-31,036556,REPARE THERAPEUTIC INC,RPTX
A,USD,STD,INDL,C,2836,2024-12-31,036558,GREENWICH LIFESCIE INC,GLSI
A,USD,STD,INDL,C,2836,2024-12-31,036599,GENERATION BIO CO,GBIO
A,USD,STD,INDL,C,2836,2024-12-31,036600,VAXCYTE INC,PCVX
A,USD,STD,INDL,C,2836,2024-12-31,036609,FORTE BIOSCIENCES INC,FBRX
A,USD,STD,INDL,C,2836,2024-12-31,036677,RELAY THERAPEUTICS INC,RLAY
A,USD,STD,INDL,C,2836,2024-11-30,036767,NURIX THERAPEUTICS INC,NRIX
A,USD,STD,INDL,C,2836,2025-11-30,036767,NURIX THERAPEUTICS INC,NRIX
A,USD,STD,INDL,C,2836,2024-12-31,036768,ANNEXON INC,ANNX
I,USD,STD,INDL,C,2836,2024-12-31,036769,INOZYME PHARMA INC,INZY
A,USD,STD,INDL,C,2836,2024-12-31,036786,KALARIS THERAPEUTICS INC,KLRS
A,USD,STD,INDL,C,2836,2024-12-31,036819,KYMERA THERAPEUTIC INC,KYMR
A,USD,STD,INDL,C,2834,2024-12-31,036824,PRF TECHNOLOGIES LTD,PRFX
A,USD,STD,INDL,C,2836,2024-12-31,036828,CUREVAC N.V.,CVAC
A,USD,STD,INDL,C,2834,2024-09-30,036860,UNIVERSE PHARMACEU INC,UPC
A,USD,STD,INDL,C,2834,2025-09-30,036860,UNIVERSE PHARMACEU INC,UPC
A,USD,STD,INDL,C,7372,2024-06-30,036863,AMESITE INC,AMST
A,USD,STD,INDL,C,7372,2025-06-30,036863,AMESITE INC,AMST
A,USD,STD,INDL,C,7372,2024-12-31,036898,UNITY SOFTWARE INC,U
A,USD,STD,INDL,C,2836,2024-12-31,036911,DYNE THERAPEUTICS INC,DYN
A,USD,STD,INDL,C,2834,2024-12-31,036915,LEONABIO INC,LONA
A,USD,STD,INDL,C,2836,2024-12-31,036949,COGENT BIOSCIENCES INC,COGT
A,USD,STD,INDL,C,2836,2025-12-31,036949,COGENT BIOSCIENCES INC,COGT
A,USD,STD,INDL,C,3721,2024-12-31,036970,VERTICAL AEROSPACE LTD,EVTL
A,USD,STD,INDL,C,2836,2024-12-31,036975,COMPASS PATHWAYS PLC,CMPS
A,USD,STD,INDL,C,2836,2024-12-31,036985,ELUTIA INC,ELUT
A,USD,STD,INDL,C,2836,2024-12-31,037110,SHATTUCK LABS INC,STTK
A,USD,STD,INDL,C,2836,2024-12-31,037187,PRAXIS PRECIS MEDI INC,PRAX
A,USD,STD,INDL,C,2836,2024-12-31,037240,MOONLAKE IMMUNOTHERAPEUTICS,MLTX
A,USD,STD,INDL,C,2834,2024-12-31,037350,ETHZILLA CORP,ETHZ
A,USD,STD,INDL,C,2836,2024-12-31,037351,ALVOTECH,ALVO
I,USD,STD,INDL,C,7372,2024-01-31,037416,ZEROFOX HOLDINGS INC,ZFOX
A,USD,STD,INDL,C,8731,2024-12-31,037425,SEER INC,SEER
A,USD,STD,INDL,C,2836,2024-12-31,037495,ARS PHARMACEUTICALS INC,SPRY
A,USD,STD,INDL,C,2836,2024-12-31,037527,ABCELLERA BIOLOGICS INC,ABCL
A,USD,STD,INDL,C,2834,2024-12-31,037534,REVIVA PHARMACEUTICALS HOLD,RVPH
A,USD,STD,INDL,C,2836,2024-12-31,037541,BIOATLA INC,BCAB
A,USD,STD,INDL,C,2836,2024-12-31,037773,EVAXION A/S  -ADR,EVAX
A,USD,STD,INDL,C,2836,2024-12-31,037812,IMMUNOCORE HOLDINGS PLC,IMCR
A,USD,STD,INDL,C,2836,2024-12-31,037825,SENSEI BIOTHERAPEU INC,SNSE
A,USD,STD,INDL,C,2836,2024-12-31,037862,ADAGENE INC,ADAG
A,USD,STD,INDL,C,7372,2024-12-31,037866,VSEE HEALTH INC,VSEE
A,USD,STD,INDL,C,2836,2024-12-31,037925,SANA BIOTCHNOLOGY INC,SANA
A,USD,STD,INDL,C,2836,2024-12-31,037967,SILEXION THERAPEUTICS CORP,SLXN
A,USD,STD,INDL,C,3674,2024-12-31,038059,SUNPOWER INC,SPWR
A,USD,STD,INDL,C,3674,2024-12-31,038060,RIGETTI COMPUTING INC,RGTI
A,USD,STD,INDL,C,7372,2024-12-31,038107,AURORA INNOVATION INC,AUR
A,USD,STD,INDL,C,7372,2025-12-31,038107,AURORA INNOVATION INC,AUR
A,USD,STD,INDL,C,2836,2024-12-31,038242,LONGEVITY HEALTH HLDINGS INC,XAGE
A,USD,STD,INDL,C,2836,2024-12-31,038474,RECURSION PHARMA INC,RXRX
A,USD,STD,INDL,C,7372,2024-12-31,038485,ZAPATA QUANTUM INC,ZPTA
A,USD,STD,INDL,C,2836,2024-12-31,038496,ERNEXA THERAPEUTICS INC,ERNA
A,USD,STD,INDL,C,2836,2024-12-31,038625,WEREWOLF THERAPTCS INC,HOWL
A,USD,STD,INDL,C,2834,2024-12-31,038664,Q/C TECHNOLOGIES INC,QCLS
A,USD,STD,INDL,C,2836,2024-12-31,038745,TSCAN THERAPEUTICS INC,TCRX
A,USD,STD,INDL,C,2836,2024-03-31,038750,LAKESHORE BIOPHARMA CO LTD,LSBCF
A,USD,STD,INDL,C,2836,2025-03-31,038750,LAKESHORE BIOPHARMA CO LTD,LSBCF
A,USD,STD,INDL,C,2836,2024-12-31,038763,DAY ONE BIOPHARMACEUTCLS INC,DAWN
A,USD,STD,INDL,C,2834,2024-12-31,038821,ORGANON & CO,OGN
A,USD,STD,INDL,C,2834,2024-12-31,038957,GH RESEARCH PLC,GHRS
A,USD,STD,INDL,C,2836,2024-12-31,038993,DERMATA THERAPEUTICS INC,DRMA
A,USD,STD,INDL,C,3674,2024-12-31,038995,INDIE SEMICONDUCTOR INC,INDI
A,USD,STD,INDL,C,2836,2024-12-31,039051,ALPHA TEKNOVA INC,TKNO
A,USD,STD,INDL,C,7372,2024-12-31,039054,PLAYSTUDIOS INC,MYPS
A,USD,STD,INDL,C,2836,2024-12-31,039057,MONTE ROSA THERAPEUTICS INC,GLUE
A,USD,STD,INDL,C,2836,2024-12-31,039089,PASITHEA THERAPEUTICS CORP,KTTA
A,USD,STD,INDL,C,2836,2024-12-31,039104,TEMPEST THERAPEUTICS INC,TPST
A,USD,STD,INDL,C,3674,2024-12-31,039173,SMARTKEM INC,SMTK
A,USD,STD,INDL,C,2836,2024-12-31,039175,ABSCI CORP,ABSI
A,USD,STD,INDL,C,2836,2024-12-31,039189,IMMUNEERING CORP,IMRX
A,USD,STD,INDL,C,2834,2024-12-31,039290,COGNITION THERAPEUTICS INC,CGTX
A,USD,STD,INDL,C,2836,2024-12-31,039291,CARIBOU BIOSCIENCE INC,CRBU
A,USD,STD,INDL,C,2836,2024-12-31,039359,RALLYBIO CORP,RLYB
A,USD,STD,INDL,C,2836,2024-12-31,039399,OMNIAB INC,OABI
A,USD,STD,INDL,C,2836,2024-12-31,039402,TANGO THERAPEUTICS INC,TNGX
A,USD,STD,INDL,C,7372,2024-12-31,039408,REZOLVE AI PLC,RZLV
A,USD,STD,INDL,C,7372,2024-12-31,039409,ALPHA MODUS HOLDINGS INC,AMOD
A,USD,STD,INDL,C,2836,2024-12-31,039411,RENOVORX INC,RNXT
A,USD,STD,INDL,C,7372,2024-12-31,039538,CIPHER MINING INC,CIFR
A,USD,STD,INDL,C,2834,2024-12-31,039620,CINGULATE INC,CING
A,USD,STD,INDL,C,2836,2024-12-31,039677,IMMIX BIOPHARMA INC,IMMX
A,USD,STD,INDL,C,8731,2024-12-31,039680,GINKGO BIOWORKS HOLDINGS INC,DNA
A,USD,STD,INDL,C,2836,2024-12-31,039683,PYXIS ONCOLOGY INC,PYXS
A,USD,STD,INDL,C,2836,2024-12-31,039740,JASPER THERAPEUTICS INC,JSPR
A,USD,STD,INDL,C,2836,2024-12-31,039755,CANTON STRATEGIC HOLDING INC,CNTN
A,USD,STD,INDL,C,3571,2024-12-31,039800,IONQ INC,IONQ
A,USD,STD,INDL,C,2836,2024-12-31,039801,ABVC BIOPHARMA INC,ABVC
A,USD,STD,INDL,C,7372,2024-12-31,039805,ARTERIS INC,AIP
A,USD,STD,INDL,C,7372,2025-12-31,039805,ARTERIS INC,AIP
A,USD,STD,INDL,C,2836,2024-12-31,039806,XILIO THERAPEUTICS INC,XLO
A,USD,STD,INDL,C,2836,2024-12-31,039853,TEVOGEN BIO HOLDINGS INC,TVGN
A,USD,STD,INDL,C,2836,2024-12-31,039863,ONCONETIX INC,ONCO
A,USD,STD,INDL,C,2836,2024-12-31,039869,ENTRADA THERAPUTIS INC,TRDA
A,USD,STD,INDL,C,2836,2024-12-31,039872,AURA BIOSCIENCES INC,AURA
A,USD,STD,INDL,C,2834,2024-12-31,039941,JOURNEY MEDICAL CORPO,DERM
A,USD,STD,INDL,C,2836,2024-12-31,039951,SAB BIOTHERAPEUTICS INC,SABS
A,USD,STD,INDL,C,2836,2024-12-31,039991,INTENSITY THERAPEUTICS INC,INTS
A,USD,STD,INDL,C,7372,2024-06-30,040593,GAMEHAUS HOLDINGS INC,GMHS
A,USD,STD,INDL,C,7372,2025-06-30,040593,GAMEHAUS HOLDINGS INC,GMHS
A,USD,STD,INDL,C,2836,2024-12-31,041132,MAIA BIOTECHNOLOGY INC,MAIA
A,USD,STD,INDL,C,2836,2024-12-31,041225,PEPGEN INC,PEPG
A,USD,STD,INDL,C,7372,2024-12-31,041498,BEAMR IMAGING LTD,BMR
A,USD,STD,INDL,C,2836,2024-12-31,041622,BIOHAVEN LTD,BHVN
A,USD,STD,INDL,C,2836,2024-12-31,041916,MINERALYS THERAPEUTICS INC,MLYS
A,USD,STD,INDL,C,3728,2024-12-31,042214,UNUSUAL MACHINES INC,UMAC
A,USD,STD,INDL,C,2834,2024-12-31,042220,MANGOCEUTICALS INC,MGRX
A,USD,STD,INDL,C,2834,2024-12-31,042890,60 DEGREES PHARMACEUTICA INC,SXTP
I,USD,STD,INDL,C,2836,2024-12-31,042892,ACELYRIN INC,SLRN
A,USD,STD,INDL,C,2836,2024-12-31,042893,PELTHOS THERAPEUTICS INC,PTHS
A,USD,STD,INDL,C,2836,2024-12-31,042984,AZITRA INC,AZTR
A,USD,STD,INDL,C,2834,2024-12-31,043186,MIRA PHARMACEUTICALS INC,MIRA
A,USD,STD,INDL,C,7372,2024-12-31,043211,REALPHA TECH CORP,AIRE
A,USD,STD,INDL,C,2836,2024-12-31,043229,JYONG BIOTECH LTD,MENS
I,USD,STD,INDL,C,2836,2024-12-31,043551,MURAL ONCOLOGY PLC,MURA
I,USD,STD,INDL,C,2836,2024-12-31,043555,CARGO THERAPEUTICS INC,CRGX
A,USD,STD,INDL,C,7372,2024-12-31,043756,ITONIC HOLDINGS LTD,ITOC
A,USD,STD,INDL,C,2836,2024-12-31,043758,OS THERAPIES INC,OSTX
A,USD,STD,INDL,C,2836,2024-12-31,043790,ZHENGYE BIOTECHNOLOGY HO LTD,ZYBT
A,USD,STD,INDL,C,2836,2024-12-31,043792,METAGENOMI THERAPEUTICS INC,MGX
A,USD,STD,INDL,C,7372,2024-12-31,045320,SILVACO GROUP INC,SVCO
A,USD,STD,INDL,C,2836,2024-12-31,045388,INHIBRX BIOSCIENCES INC,INBX
A,USD,STD,INDL,C,2836,2024-12-31,045390,ACTUATE THERAPEUTICS INC,ACTU
A,USD,STD,INDL,C,2836,2024-12-31,045447,ALUMIS INC,ALMS
A,USD,STD,INDL,C,2834,2024-12-31,045711,MAZE THERAPEUTICS INC,MAZE
A,USD,STD,INDL,C,2834,2024-12-31,045712,FUNCTIONAL BRANDS INC,MEHA
I,USD,STD,INDL,C,2836,2024-12-31,045722,METSERA INC,MTSR
A,USD,STD,INDL,C,2836,2024-12-31,050516,BICARA THERAPEUTICS INC,BCAX
A,USD,STD,INDL,C,2836,2024-12-31,050517,ZENAS BIOPHARMA INC,ZBIO
A,USD,STD,INDL,C,2834,2024-12-31,050526,MBX BIOSCIENCES INC,MBX
A,USD,STD,INDL,C,7372,2024-12-31,050535,BELIVE HOLDINGS,BLIV
A,USD,STD,INDL,C,2836,2024-12-31,050681,UPSTREAM BIO INC,UPB
A,USD,STD,INDL,C,2836,2024-12-31,050682,CAMP4 THERAPEUTICS CORP,CAMP
A,USD,STD,INDL,C,2834,2024-12-31,050763,SEPTERNA INC,SEPN
A,USD,STD,INDL,C,7372,2024-12-31,050811,PONY AI INC,PONY
A,USD,STD,INDL,C,7372,2024-12-31,051461,CIRCLE INTERNET GROUP INC,CRCL
A,USD,STD,INDL,C,2834,2024-12-31,060747,NASUS PHARMA LTD,NSRX
A,CAD,STD,INDL,C,2834,2024-07-31,061174,HELIX BIOPHARMA CORP,HBPCF
A,CAD,STD,INDL,C,2834,2025-07-31,061174,HELIX BIOPHARMA CORP,HBPCF
A,USD,STD,INDL,C,2836,2024-12-31,062592,PROTALIX BIOTHERAPEUTICS INC,PLX
A,USD,STD,INDL,C,2836,2024-12-31,062921,NEUROCRINE BIOSCIENCES INC,NBIX
A,USD,STD,INDL,C,2836,2025-12-31,062921,NEUROCRINE BIOSCIENCES INC,NBIX
A,USD,STD,INDL,C,2834,2024-12-31,063005,AVADEL PHARMACEUTICALS PLC,AVDL
A,USD,STD,INDL,C,2834,2024-12-31,063030,CASI PHARMACEUTICALS INC,CASI
A,USD,STD,INDL,C,2836,2024-12-31,063405,GERON CORP,GERN
A,USD,STD,INDL,C,2834,2024-12-31,063863,USANA HEALTH SCIENCES INC,USNA
A,USD,STD,INDL,C,2834,2025-12-31,063863,USANA HEALTH SCIENCES INC,USNA
I,USD,STD,INDL,C,3674,2024-09-30,064637,EMCORE CORP,EMKR
A,USD,STD,INDL,C,3674,2024-03-31,064853,QORVO INC,QRVO
A,USD,STD,INDL,C,3674,2025-03-31,064853,QORVO INC,QRVO
A,USD,STD,INDL,C,2836,2024-12-31,064857,SAREPTA THERAPEUTICS INC,SRPT
A,USD,STD,INDL,C,2834,2024-12-31,065376,SIGA TECHNOLOGIES INC,SIGA
A,USD,STD,INDL,C,8731,2024-09-30,065905,INOTIV INC,NOTV
A,USD,STD,INDL,C,8731,2025-09-30,065905,INOTIV INC,NOTV
A,USD,STD,INDL,C,2836,2024-12-31,066697,INOVIO PHARMACEUTICALS INC,INO
A,USD,STD,INDL,C,7372,2024-12-31,074444,OBOOK HOLDINGS INC,OWLS
A,USD,STD,INDL,C,3721,2024-12-31,074628,BETA TECHNOLOGIES INC,BETA
A,USD,STD,INDL,C,8731,2024-09-30,106126,BNB PLUS CORP,BNBX
A,USD,STD,INDL,C,8731,2025-09-30,106126,BNB PLUS CORP,BNBX
A,USD,STD,INDL,C,2836,2024-12-31,107843,MARKER THERAPEUTICS INC,MRKR
A,CAD,STD,INDL,C,7372,2024-10-31,108363,LABRADOR RESOURCES INC,LTXFF
A,USD,STD,INDL,C,8731,2024-12-31,110620,ICON PUBLIC LIMITED COMPANY,ICLR
A,USD,STD,INDL,C,3674,2024-12-31,112158,CELESTICA INC,CLS
A,USD,STD,INDL,C,3674,2025-12-31,112158,CELESTICA INC,CLS
A,USD,STD,INDL,C,2836,2024-12-31,117829,AURINIA PHARMACEUTICALS INC,AUPH
A,CAD,STD,INDL,C,2836,2024-10-31,119615,SERNOVA BIOTHERAPEUTICS INC,SEOVF
A,CAD,STD,INDL,C,2836,2025-10-31,119615,SERNOVA BIOTHERAPEUTICS INC,SEOVF
A,USD,STD,INDL,C,3674,2024-08-31,122229,SOLARWINDOW TECHNOLOGIES INC,WNDW
A,USD,STD,INDL,C,3674,2025-08-31,122229,SOLARWINDOW TECHNOLOGIES INC,WNDW
A,USD,STD,INDL,C,2836,2024-12-31,122257,BIOMARIN PHARMACEUTICAL INC,BMRN
A,CAD,STD,INDL,C,2834,2024-12-31,126122,ONCOLYTICS BIOTECH INC,ONCY
A,USD,STD,INDL,C,3674,2024-12-31,127114,METALINK LTD,MTLK
A,USD,STD,INDL,C,3674,2024-12-31,133288,SILICON LABORATORIES INC,SLAB
A,USD,STD,INDL,C,3674,2025-12-31,133288,SILICON LABORATORIES INC,SLAB
A,USD,STD,INDL,C,7372,2024-12-31,133766,HEALTHSTREAM INC,HSTM
A,USD,STD,INDL,C,3674,2024-01-31,137310,MARVELL TECHNOLOGY INC,MRVL
A,USD,STD,INDL,C,3674,2025-01-31,137310,MARVELL TECHNOLOGY INC,MRVL
A,USD,STD,INDL,C,7372,2024-12-31,137611,SOHU COM LIMITED,SOHU
A,USD,STD,INDL,C,7372,2025-12-31,137611,SOHU COM LIMITED,SOHU
A,USD,STD,INDL,C,2834,2024-12-31,137642,CASSAVA SCIENCES INC,SAVA
A,CAD,STD,INDL,C,7372,2024-03-31,141337,DIAGNOS INC,DGNOF
A,CAD,STD,INDL,C,7372,2025-03-31,141337,DIAGNOS INC,DGNOF
A,USD,STD,INDL,C,2836,2024-12-31,141496,DYNAVAX TECHNOLOGIES CORP,DVAX
A,CAD,STD,INDL,C,7372,2024-12-31,141537,RENOWORKS SOFTWARE INC,ROWKF
A,CAD,STD,INDL,C,7372,2024-12-31,142539,NOBLE IRON INC,TXDSF
A,USD,STD,INDL,C,2834,2024-12-31,146616,CORCEPT THERAPEUTICS INC,CORT
A,USD,STD,INDL,C,2836,2024-12-31,153957,BRAINSTORM CELL THERAPEUTICS,BCLI
A,USD,STD,INDL,C,7372,2024-12-31,156153,ADEIA INC,ADEA
A,USD,STD,INDL,C,2834,2024-12-31,157234,MEDICAL MARIJUANA INC,MJNA
A,USD,STD,INDL,C,7372,2024-01-31,157855,SALESFORCE INC,CRM
A,USD,STD,INDL,C,7372,2025-01-31,157855,SALESFORCE INC,CRM
A,USD,STD,INDL,C,3674,2024-03-31,160213,GSI TECHNOLOGY INC,GSIT
A,USD,STD,INDL,C,3674,2025-03-31,160213,GSI TECHNOLOGY INC,GSIT
A,USD,STD,INDL,C,2836,2024-12-31,160668,INNOVIVA INC,INVA
A,USD,STD,INDL,C,2836,2024-12-31,160809,BIO GREEN MED SOLUTION INC,BGMS
A,USD,STD,INDL,C,2836,2024-06-30,160997,NANOVIRICIDES INC,NNVC
A,USD,STD,INDL,C,2836,2025-06-30,160997,NANOVIRICIDES INC,NNVC
A,USD,STD,INDL,C,7372,2024-09-30,164401,CLEARTRONIC INC,CLRI
A,USD,STD,INDL,C,7372,2025-09-30,164401,CLEARTRONIC INC,CLRI
I,USD,STD,INDL,C,3728,2024-12-31,164494,SPIRIT AEROSYSTEMS HOLDINGS,SPR
A,USD,STD,INDL,C,7372,2024-12-31,166226,INTERMAP TECHNOLOGIES CORP,ITMSF
A,USD,STD,INDL,C,2836,2024-12-31,166435,VANDA PHARMACEUTICALS INC,VNDA
A,USD,STD,INDL,C,2836,2025-12-31,166435,VANDA PHARMACEUTICALS INC,VNDA
A,USD,STD,INDL,C,2836,2024-09-30,166447,ANAVEX LIFE SCIENCES CORP,AVXL
A,USD,STD,INDL,C,2836,2025-09-30,166447,ANAVEX LIFE SCIENCES CORP,AVXL
A,USD,STD,INDL,C,2836,2024-12-31,170430,SILO PHARMA INC,SILO
A,USD,STD,INDL,C,2836,2024-12-31,170450,ORAMED PHARMACEUTICALS INC,ORMP
A,USD,STD,INDL,C,7372,2024-12-31,171007,SERVICENOW INC,NOW
A,USD,STD,INDL,C,7372,2025-12-31,171007,SERVICENOW INC,NOW
A,USD,STD,INDL,C,2836,2024-12-31,171187,PHIO PHARMACEUTICALS CORP,PHIO
A,USD,STD,INDL,C,7372,2024-12-31,176021,ALLOT LTD,ALLT
A,USD,STD,INDL,C,2836,2024-12-31,176022,EMERGENT BIOSOLUTIONS INC,EBS
A,USD,STD,INDL,C,3674,2024-12-31,176035,NETLIST INC,NLST
A,USD,STD,INDL,C,2834,2024-12-31,177764,THERIVA BIOLOGICS INC,TOVX
A,USD,STD,INDL,C,2836,2024-12-31,178291,LIXTE BIOTECHNOLOGY HOLDINGS,LIXT
A,USD,STD,INDL,C,2836,2024-12-31,179841,CODEXIS INC,CDXS
A,CAD,STD,INDL,C,2836,2024-12-31,181900,0913693 B.C. LTD,REPCF
A,USD,STD,INDL,C,2836,2024-12-31,182309,ORUKA THERAPEUTICS INC,ORKA
A,USD,STD,INDL,C,2834,2024-12-31,183302,WEED INC,BUDZ
A,USD,STD,INDL,C,7372,2024-12-31,183377,FORTINET INC,FTNT
A,USD,STD,INDL,C,7372,2025-12-31,183377,FORTINET INC,FTNT
A,USD,STD,INDL,C,2836,2024-12-31,183593,OMEROS CORP,OMER
A,USD,STD,INDL,C,3674,2024-12-31,184182,JINKOSOLAR HOLDING CO,JKS
A,USD,STD,INDL,C,2834,2024-12-31,184256,IRONWOOD PHARMACEUTICALS INC,IRWD
A,USD,STD,INDL,C,3674,2024-12-31,184551,MAXLINEAR INC,MXL
A,USD,STD,INDL,C,3674,2025-12-31,184551,MAXLINEAR INC,MXL
A,USD,STD,INDL,C,3674,2024-12-31,184725,NXP SEMICONDUCTORS NV,NXPI
A,USD,STD,INDL,C,3674,2025-12-31,184725,NXP SEMICONDUCTORS NV,NXPI
A,USD,STD,INDL,C,3674,2024-12-31,185138,VISHAY PRECISION GROUP INC,VPG
A,USD,STD,INDL,C,3674,2025-12-31,185138,VISHAY PRECISION GROUP INC,VPG
A,USD,STD,INDL,C,2836,2024-12-31,185289,ASSEMBLY BIOSCIENCES INC,ASMB
A,USD,STD,INDL,C,3674,2024-08-31,185380,SEMILEDS CORP,LEDS
A,USD,STD,INDL,C,3674,2025-08-31,185380,SEMILEDS CORP,LEDS
A,USD,STD,INDL,C,7372,2024-02-29,185587,NEXTTRIP INC,NTRP
A,USD,STD,INDL,C,7372,2025-02-28,185587,NEXTTRIP INC,NTRP
A,CAD,STD,INDL,C,2834,2024-12-31,186772,MAPLE LEAF GREEN WORLD INC,MGWFF
A,USD,STD,INDL,C,2836,2024-12-31,186974,CELLECTAR BIOSCIENCES INC,CLRB
A,USD,STD,INDL,C,2836,2024-03-31,187368,VISTAGEN THERAPEUTICS INC,VTGN
A,USD,STD,INDL,C,2836,2025-03-31,187368,VISTAGEN THERAPEUTICS INC,VTGN
A,USD,STD,INDL,C,3674,2024-12-31,187450,ENPHASE ENERGY INC,ENPH
A,USD,STD,INDL,C,2836,2024-12-31,190856,TONIX PHARMACEUTICALS HLDG,TNXP
A,USD,STD,INDL,C,2836,2024-12-31,194255,VERASTEM INC,VSTM
A,USD,STD,INDL,C,3674,2024-12-31,201395,TAIWAN SEMICONDUCTOR MFG CO,TSM
A,USD,STD,INDL,C,3674,2024-12-31,209341,UNITED MICROELECTRONICS CORP,UMC
A,USD,STD,INDL,C,2834,2024-03-31,223098,DR REDDY'S LABORATORIES LTD,RDY
A,USD,STD,INDL,C,2834,2025-03-31,223098,DR REDDY'S LABORATORIES LTD,RDY
A,USD,STD,INDL,C,3674,2024-12-31,233491,MAGNACHIP SEMICONDUCTOR CORP,MX
A,USD,STD,INDL,C,3674,2024-12-31,242977,AUO CORPORATION,AUOTY
A,USD,STD,INDL,C,2836,2024-06-30,249507,ALTERITY THERAPEUTICS LTD,ATHE
A,USD,STD,INDL,C,2836,2025-06-30,249507,ALTERITY THERAPEUTICS LTD,ATHE
A,USD,STD,INDL,C,2836,2024-06-30,254381,BENITEC BIOPHARMA INC,BNTC
A,USD,STD,INDL,C,2836,2025-06-30,254381,BENITEC BIOPHARMA INC,BNTC
A,USD,STD,INDL,C,2834,2024-12-31,260838,CIPHER PHARMACEUTICALS INC,CPHRF
A,USD,STD,INDL,C,2836,2024-12-31,277812,GRIFOLS S A,GRFS
A,USD,STD,INDL,C,2834,2024-12-31,284453,VERONA PHARMA PLC,VRNA
A,USD,STD,INDL,C,2834,2024-12-31,284699,ADDEX THERAPEUTICS LTD,ADXN
A,USD,STD,INDL,C,2834,2024-06-30,284719,INCANNEX HEALTHCARE INC,IXHL
A,USD,STD,INDL,C,2834,2025-06-30,284719,INCANNEX HEALTHCARE INC,IXHL
A,USD,STD,INDL,C,2834,2024-12-31,287562,INTERCURE LTD,INCR
A,USD,STD,INDL,C,2836,2024-12-31,313966,NANOBIOTIX SA,NBTX
A,USD,STD,INDL,C,2836,2024-12-31,318525,MOLECULAR PARTNERS AG,MOLN
A,USD,STD,INDL,C,2836,2024-12-31,318815,BIODEXA PHARMACEUTICALS PLC,BDRX
A,USD,STD,INDL,C,2834,2024-12-31,331757,VIREO GROWTH INC,VREOF
A,USD,STD,INDL,C,2836,2024-12-31,331856,IMMUNIC INC,IMUX
A,USD,STD,INDL,C,2836,2024-12-31,332115,ARMATA PHARMACEUTICALS INC,ARMP
A,USD,STD,INDL,C,7372,2024-12-31,332179,LIFE360 INC,LIF
A,USD,STD,INDL,C,2836,2024-12-31,347007,IMMUNITYBIO INC,IBRX
A,USD,STD,INDL,C,2836,2024-06-30,350935,RADIOPHARM THERANOSTICS LTD,RADX
A,USD,STD,INDL,C,7372,2024-06-30,124036,EGAIN CORP,EGAN
A,USD,STD,INDL,C,7372,2025-06-30,124036,EGAIN CORP,EGAN
A,USD,STD,INDL,C,7372,2024-12-31,125074,RADWARE LTD,RDWR
A,USD,STD,INDL,C,7372,2025-12-31,125074,RADWARE LTD,RDWR
A,USD,STD,INDL,C,3674,2024-12-31,125604,PLUG POWER INC,PLUG
A,USD,STD,INDL,C,3674,2024-09-30,132740,INFINEON TECHNOLOGIES AG,IFNNY
A,USD,STD,INDL,C,3674,2025-09-30,132740,INFINEON TECHNOLOGIES AG,IFNNY
A,USD,STD,INDL,C,3674,2024-12-31,134932,ON SEMICONDUCTOR CORP,ON
A,USD,STD,INDL,C,3674,2025-12-31,134932,ON SEMICONDUCTOR CORP,ON
A,USD,STD,INDL,C,8731,2024-12-31,137131,CHARLES RIVER LABS INTL INC,CRL
A,USD,STD,INDL,C,8731,2025-12-31,137131,CHARLES RIVER LABS INTL INC,CRL
A,USD,STD,INDL,C,7372,2024-12-31,137435,NETEASE INC,NTES
A,USD,STD,INDL,C,7372,2025-12-31,137435,NETEASE INC,NTES
A,USD,STD,INDL,C,2834,2024-12-31,137441,ZIVO BIOSCIENCE INC,ZIVO
A,USD,STD,INDL,C,2836,2024-12-31,138341,CURIS INC,CRIS
A,USD,STD,INDL,C,7372,2024-12-31,138521,MIND CTI LTD,MNDO
A,USD,STD,INDL,C,3674,2024-06-30,142814,SYNAPTICS INC,SYNA
A,USD,STD,INDL,C,3674,2025-06-30,142814,SYNAPTICS INC,SYNA
A,USD,STD,INDL,C,2836,2024-12-31,143909,FENNEC PHARMACEUTICALS INC,FENC
A,USD,STD,INDL,C,2836,2024-12-31,145577,RESVERLOGIX CORP,RVXCF
A,USD,STD,INDL,C,7372,2024-12-31,147849,TRUBRIDGE INC,TBRG
A,USD,STD,INDL,C,7372,2024-12-31,148170,RIOT PLATFORMS INC,RIOT
A,USD,STD,INDL,C,3728,2024-09-30,148349,TRANSDIGM GROUP INC,TDG
A,USD,STD,INDL,C,3728,2025-09-30,148349,TRANSDIGM GROUP INC,TDG
A,USD,STD,INDL,C,2836,2024-12-31,151630,HALOZYME THERAPEUTICS INC,HALO
A,USD,STD,INDL,C,2836,2025-12-31,151630,HALOZYME THERAPEUTICS INC,HALO
A,USD,STD,INDL,C,2836,2024-06-30,152008,PLURI INC,PLUR
A,USD,STD,INDL,C,2836,2025-06-30,152008,PLURI INC,PLUR
A,USD,STD,INDL,C,2834,2024-06-30,157865,LITE STRATEGY INC,LITS
A,USD,STD,INDL,C,2834,2025-06-30,157865,LITE STRATEGY INC,LITS
A,USD,STD,INDL,C,2836,2024-12-31,160340,MANNKIND CORP,MNKD
A,USD,STD,INDL,C,7372,2024-12-31,160367,CAREVIEW COMMUNICATIONS INC,CRVW
A,USD,STD,INDL,C,3674,2024-12-31,160888,MONOLITHIC POWER SYSTEMS INC,MPWR
A,USD,STD,INDL,C,3674,2025-12-31,160888,MONOLITHIC POWER SYSTEMS INC,MPWR
A,CAD,STD,INDL,C,2836,2024-09-30,161840,COVALON TECHNOLOGIES LTD,CVALF
A,CAD,STD,INDL,C,2836,2025-09-30,161840,COVALON TECHNOLOGIES LTD,CVALF
A,USD,STD,INDL,C,2836,2024-12-31,162892,MEDICINOVA INC,MNOV
A,USD,STD,INDL,C,2836,2025-12-31,162892,MEDICINOVA INC,MNOV
A,USD,STD,INDL,C,3674,2024-12-31,164211,SILICON MOTION TECH -ADR,SIMO
A,USD,STD,INDL,C,3674,2025-12-31,164211,SILICON MOTION TECH -ADR,SIMO
A,USD,STD,INDL,C,2836,2024-12-31,165215,ALAUNOS THERAPEUTICS INC,TCRT
A,USD,STD,INDL,C,3728,2024-12-31,166087,AIR INDUSTRIES GROUP INC,AIRI
A,USD,STD,INDL,C,3674,2024-06-30,166743,SMARTMETRIC INC,SMME
I,USD,STD,INDL,C,7372,2024-01-31,170616,SPLUNK INC,SPLK
A,USD,STD,INDL,C,2836,2024-12-31,175008,AMICUS THERAPEUTICS INC,FOLD
A,USD,STD,INDL,C,2834,2024-03-31,175424,SONOMA PHARMACEUTICALS INC,SNOA
A,USD,STD,INDL,C,2834,2025-03-31,175424,SONOMA PHARMACEUTICALS INC,SNOA
A,USD,STD,INDL,C,2836,2024-12-31,175966,CATALYST PHARMACEUTICALS INC,CPRX
A,USD,STD,INDL,C,3674,2024-12-31,175982,CANADIAN SOLAR INC,CSIQ
A,CAD,STD,INDL,C,2834,2024-12-31,176180,SATELLOS BIOSCIENCE INC,MSLE
A,USD,STD,INDL,C,3721,2024-04-30,176362,AEROVIRONMENT INC,AVAV
A,USD,STD,INDL,C,3721,2025-04-30,176362,AEROVIRONMENT INC,AVAV
A,USD,STD,INDL,C,2834,2024-12-31,176636,HARROW INC,HROW
A,USD,STD,INDL,C,2834,2024-12-31,177228,NOVABAY PHARMACEUTICALS INC,NBY
A,USD,STD,INDL,C,2834,2024-12-31,178097,CUMBERLAND PHARMACEUTICALS,CPIX
A,USD,STD,INDL,C,2836,2024-12-31,178118,SUNSHINE BIOPHARMA INC,SBFM
A,USD,STD,INDL,C,7372,2024-12-31,178882,IVEDA SOLUTIONS INC,IVDA
A,USD,STD,INDL,C,2836,2024-06-30,179461,AYTU BIOPHARMA INC,AYTU
A,USD,STD,INDL,C,2836,2025-06-30,179461,AYTU BIOPHARMA INC,AYTU
A,USD,STD,INDL,C,2836,2024-12-31,180057,IOVANCE BIOTHERAPEUTICS INC,IOVA
A,USD,STD,INDL,C,2836,2024-06-30,180683,IBIO INC,IBIO
A,USD,STD,INDL,C,2836,2025-06-30,180683,IBIO INC,IBIO
A,USD,STD,INDL,C,3674,2024-10-31,180711,BROADCOM INC,AVGO
A,USD,STD,INDL,C,3674,2025-10-31,180711,BROADCOM INC,AVGO
A,CAD,STD,INDL,C,3674,2024-12-31,180753,QUANTUM EMOTION CORP,QNCCF
A,USD,STD,INDL,C,3674,2024-12-31,184155,DAQO NEW ENERGY CORP,DQ
A,USD,STD,INDL,C,2834,2024-12-31,185836,PACIRA BIOSCIENCES INC,PCRX
A,USD,STD,INDL,C,2834,2024-12-31,185908,TALPHERA INC,TLPH
A,CAD,STD,INDL,C,7372,2024-12-31,186440,TENET FINTECH GROUP INC,PKKFF
A,USD,STD,INDL,C,2834,2024-08-31,187166,CNBX PHARMACEUTICALS INC,CNBX
A,USD,STD,INDL,C,2834,2025-08-31,187166,CNBX PHARMACEUTICALS INC,CNBX
A,USD,STD,INDL,C,2834,2024-12-31,187711,CV SCIENCES INC,CVSI
A,USD,STD,INDL,C,3674,2024-09-30,187740,MACOM TECHNLGY SOL HLDGS INC,MTSI
A,USD,STD,INDL,C,3674,2025-09-30,187740,MACOM TECHNLGY SOL HLDGS INC,MTSI
A,USD,STD,INDL,C,7372,2024-07-31,190455,GUIDEWIRE SOFTWARE INC,GWRE
A,USD,STD,INDL,C,7372,2025-07-31,190455,GUIDEWIRE SOFTWARE INC,GWRE
A,USD,STD,INDL,C,7372,2024-03-31,200595,KONAMI GROUP CORPORATION,KONMY
A,USD,STD,INDL,C,7372,2025-03-31,200595,KONAMI GROUP CORPORATION,KONMY
A,USD,STD,INDL,C,2836,2024-12-31,207257,SILENCE THERAPEUTICS PLC,SLN
A,USD,STD,INDL,C,2836,2024-06-30,211559,OPTHEA LTD,OPTEY
A,USD,STD,INDL,C,2836,2025-06-30,211559,OPTHEA LTD,OPTEY
A,USD,STD,INDL,C,3721,2024-12-31,213288,EMBRAER SA,EMBJ
A,USD,STD,INDL,C,3674,2024-12-31,213412,ASE TECHNOLOGY HLDNG CO,ASX
A,USD,STD,INDL,C,7372,2024-12-31,223732,TREND MICRO INC,TMICY
A,USD,STD,INDL,C,2836,2024-12-31,241335,XTL BIOPHARMACEUTICALS,XTLB
A,USD,STD,INDL,C,2836,2024-12-31,245207,GENMAB AS,GMAB
A,USD,STD,INDL,C,2836,2024-06-30,246010,GENETIC TECHNOLOGIES LIMITED,GENE
A,USD,STD,INDL,C,2836,2024-06-30,248780,NEUPHORIA THERAPEUTICS INC,NEUP
A,USD,STD,INDL,C,2836,2025-06-30,248780,NEUPHORIA THERAPEUTICS INC,NEUP
A,USD,STD,INDL,C,2836,2024-06-30,253523,IMMUTEP LTD,IMMP
A,USD,STD,INDL,C,2836,2025-06-30,253523,IMMUTEP LTD,IMMP
A,USD,STD,INDL,C,2836,2024-12-31,253527,EYEPOINT INC,EYPT
A,USD,STD,INDL,C,2836,2024-12-31,254096,PLUS THERAPEUTICS INC,PSTV
A,USD,STD,INDL,C,2836,2024-12-31,271357,SUMMIT THERAPEUTICS INC,SMMT
A,USD,STD,INDL,C,2836,2024-06-30,271607,MESOBLAST LTD,MESO
A,USD,STD,INDL,C,2836,2025-06-30,271607,MESOBLAST LTD,MESO
A,USD,STD,INDL,C,2836,2024-12-31,272872,GALAPAGOS NV,GLPG
A,USD,STD,INDL,C,2834,2024-12-31,291758,PURPLE BIOTECH LTD,PPBT
A,USD,STD,INDL,C,2836,2024-12-31,275862,AQUABOUNTY TECHNOLOGIES INC,AQB
A,USD,STD,INDL,C,2834,2024-12-31,278153,HUTCHMED (CHINA) LTD,HCM
A,USD,STD,INDL,C,2836,2024-12-31,281420,INNATE PHARMA SA,IPHA
A,USD,STD,INDL,C,2836,2024-12-31,285085,UNIQURE NV,QURE
A,USD,STD,INDL,C,2836,2024-12-31,287111,KAMADA LTD,KMDA
A,USD,STD,INDL,C,2836,2024-03-31,289153,OKYO PHARMA LIMITED,OKYO
A,USD,STD,INDL,C,2836,2025-03-31,289153,OKYO PHARMA LIMITED,OKYO
A,USD,STD,INDL,C,7372,2024-12-31,296866,MY SIZE INC,MYSZ
A,USD,STD,INDL,C,2836,2024-12-31,296885,REDHILL BIOPHARMA LTD,RDHL
A,USD,STD,INDL,C,2836,2024-12-31,297094,SCINAI IMMUNOTHERAPEUTICS,SCNI
A,USD,STD,INDL,C,7372,2024-12-31,297434,ALARUM TECHNOLOGIES LTD,ALAR
A,USD,STD,INDL,C,2836,2024-12-31,318005,ARGENX SE,ARGX
A,USD,STD,INDL,C,2836,2024-12-31,321764,MEREO BIOPHARMA GROUP PLC,MREO
A,USD,STD,INDL,C,2836,2024-12-31,322154,ALLARITY THERAPEUT INC,ALLR
A,USD,STD,INDL,C,2836,2024-12-31,323476,INVENTIVA SA,IVA
A,USD,STD,INDL,C,7372,2024-12-31,327832,ARGO BLOCKCHAIN PLC,ARBK
A,USD,STD,INDL,C,2836,2024-12-31,334288,ASCENTAGE PHARMA GROUP,AAPG
A,USD,STD,INDL,C,7372,2024-12-31,345764,T STAMP INC,IDAI
A,CAD,STD,INDL,C,2834,2024-03-31,346027,CYBIN INC,HELP
A,CAD,STD,INDL,C,2834,2025-03-31,346027,CYBIN INC,HELP
A,USD,STD,INDL,C,2834,2024-12-31,121440,UNITED THERAPEUTICS CORP,UTHR
A,USD,STD,INDL,C,7372,2024-12-31,122175,VIRNETX HOLDING CORP,VHC
A,CAD,STD,INDL,C,2836,2024-09-30,127514,MICROBIX BIOSYSTEMS INC,MBXBF
A,CAD,STD,INDL,C,2836,2025-09-30,127514,MICROBIX BIOSYSTEMS INC,MBXBF
A,USD,STD,INDL,C,2834,2024-12-31,129466,AGENUS INC,AGEN
A,CAD,STD,INDL,C,7372,2024-10-31,132602,01 QUANTUM INC,OONEF
A,CAD,STD,INDL,C,7372,2025-10-31,132602,01 QUANTUM INC,OONEF
A,USD,STD,INDL,C,2834,2024-12-31,133468,RIGEL PHARMACEUTICALS INC,RIGL
A,USD,STD,INDL,C,2836,2024-12-31,133871,SANGAMO THERAPEUTICS INC,SGMO
A,USD,STD,INDL,C,2836,2024-12-31,133885,EXELIXIS INC,EXEL
A,USD,STD,INDL,C,2836,2025-12-31,133885,EXELIXIS INC,EXEL
A,USD,STD,INDL,C,3674,2024-12-31,135044,PIXELWORKS INC,PXLW
A,USD,STD,INDL,C,2836,2024-12-31,136186,INSMED INC,INSM
A,USD,STD,INDL,C,2836,2024-12-31,138781,COMPUGEN LTD,CGEN
I,USD,STD,INDL,C,2834,2024-12-31,140044,DURECT CORP,DRRX
A,USD,STD,INDL,C,7372,2024-12-31,140172,VERSUS SYSTEMS INC,VS
I,CAD,STD,INDL,C,7372,2024-12-31,141119,QUORUM INFORMATION TECHNOL,QIFTF
A,USD,STD,INDL,C,8731,2024-12-31,141277,EXACT SCIENCES CORP,EXAS
A,USD,STD,INDL,C,8731,2025-12-31,141277,EXACT SCIENCES CORP,EXAS
A,CAD,STD,INDL,C,7372,2024-12-31,141308,ANALYTIXINSIGHT INC,ATIXF
A,USD,STD,INDL,C,2836,2024-12-31,141846,ACADIA PHARMACEUTICALS INC,ACAD
A,USD,STD,INDL,C,2836,2024-12-31,144887,NORTHWEST BIOTHERAPEUTICS,NWBO
A,USD,STD,INDL,C,7372,2024-05-31,146738,APPLIED DIGITAL CORP,APLD
A,USD,STD,INDL,C,7372,2025-05-31,146738,APPLIED DIGITAL CORP,APLD
A,USD,STD,INDL,C,2834,2024-12-31,148239,CHINA PHARMA HOLDINGS INC,CPHI
A,USD,STD,INDL,C,3721,2024-12-31,148396,XTI AEROSPACE INC,XTIA
A,USD,STD,INDL,C,2834,2024-12-31,150221,GALECTIN THERAPEUTICS INC,GALT
A,USD,STD,INDL,C,2834,2024-12-31,154510,NIKA PHARMACEUTICALS INC,NIKA
A,USD,STD,INDL,C,2836,2024-12-31,154605,ORAGENICS INC,OGEN
A,USD,STD,INDL,C,2836,2024-12-31,155387,CARDIFF ONCOLOGY INC,CRDF
A,USD,STD,INDL,C,2836,2024-04-30,155913,PHARMACYTE BIOTECH INC,PMCB
A,USD,STD,INDL,C,2836,2025-04-30,155913,PHARMACYTE BIOTECH INC,PMCB
A,USD,STD,INDL,C,2836,2024-12-31,158055,DYADIC INTERNATIONAL INC,DYAI
A,USD,STD,INDL,C,2834,2024-12-31,158563,CYTOKINETICS INC,CYTK
A,USD,STD,INDL,C,2834,2024-03-31,162335,PRESTIGE CONSUMER HEALTHCARE,PBH
A,USD,STD,INDL,C,2834,2025-03-31,162335,PRESTIGE CONSUMER HEALTHCARE,PBH
A,USD,STD,INDL,C,7372,2024-12-31,162814,GRAVITY CO LTD -ADR,GRVY
A,USD,STD,INDL,C,2836,2024-05-31,164720,CYTODYN INC,CYDY
A,USD,STD,INDL,C,2836,2025-05-31,164720,CYTODYN INC,CYDY
A,USD,STD,INDL,C,2836,2024-12-31,165266,PROMIS NEUROSCIENCES INC,PMN
A,USD,STD,INDL,C,2836,2024-12-31,165563,BIO-PATH HOLDINGS INC,BPTH
A,USD,STD,INDL,C,3674,2024-12-31,166460,ASCENT SOLAR TECH INC,ASTI
A,USD,STD,INDL,C,2834,2024-03-31,166491,IGC PHARMA INC,IGC
A,USD,STD,INDL,C,2834,2025-03-31,166491,IGC PHARMA INC,IGC
A,USD,STD,INDL,C,2836,2024-03-31,170730,VIVOSIM LABS INC,VIVS
A,USD,STD,INDL,C,2836,2025-03-31,170730,VIVOSIM LABS INC,VIVS
A,USD,STD,INDL,C,7372,2024-12-31,170756,INTELLINETICS INC,INLX
A,USD,STD,INDL,C,2836,2024-12-31,170945,PUMA BIOTECHNOLOGY INC,PBYI
A,USD,STD,INDL,C,2834,2024-12-31,170947,BESPOKE EXTRACTS INC,BSPK
A,USD,STD,INDL,C,2836,2024-12-31,174134,PTC THERAPEUTICS INC,PTCT
A,USD,STD,INDL,C,3674,2024-12-31,175404,FIRST SOLAR INC,FSLR
A,USD,STD,INDL,C,2836,2024-12-31,175649,INTERNATIONAL STEM CELL CORP,ISCO
A,USD,STD,INDL,C,3674,2024-12-31,175955,IPG PHOTONICS CORP,IPGP
A,USD,STD,INDL,C,3674,2025-12-31,175955,IPG PHOTONICS CORP,IPGP
A,USD,STD,INDL,C,2836,2024-12-31,176992,DIAMEDICA THERAPEUTICS INC,DMAC
A,USD,STD,INDL,C,2834,2024-12-31,177287,JAZZ PHARMACEUTICALS PLC,JAZZ
A,USD,STD,INDL,C,3674,2024-12-31,177426,POET TECHNOLOGIES INC,POET
A,USD,STD,INDL,C,2836,2024-12-31,178157,MIMEDX GROUP INC,MDXG
A,USD,STD,INDL,C,2834,2024-12-31,178413,FITLIFE BRANDS INC,FTLF
A,USD,STD,INDL,C,2836,2024-12-31,179598,CELLDEX THERAPEUTICS INC,CLDX
A,USD,STD,INDL,C,2836,2024-12-31,182902,CREATIVE MED TECH HLDG INC,CELZ
A,USD,STD,INDL,C,2834,2024-12-31,183322,THERAPEUTICSMD INC,TXMD
A,USD,STD,INDL,C,2836,2024-12-31,183486,KLOTHO NEUROSCIENCES INC,KLTO
A,USD,STD,INDL,C,2834,2024-12-31,183945,CORMEDIX INC,CRMD
A,USD,STD,INDL,C,7372,2024-12-31,183964,MOBIVITY HOLDINGS CORP,MFON
A,USD,STD,INDL,C,3674,2024-06-30,184604,ALPHA AND OMEGA SEMICONDUCTO,AOSL
A,USD,STD,INDL,C,3674,2025-06-30,184604,ALPHA AND OMEGA SEMICONDUCTO,AOSL
A,USD,STD,INDL,C,2836,2024-12-31,185659,ATOSSA THERAPEUTICS INC,ATOS
A,USD,STD,INDL,C,2834,2024-12-31,186159,SUPERNUS PHARMACEUTICALS INC,SUPN
A,USD,STD,INDL,C,3674,2024-12-31,186962,SEQUANS COMMUNICATIONS SA,SQNS
A,USD,STD,INDL,C,2836,2024-12-31,196269,FORTRESS BIOTECH INC,FBIO
A,USD,STD,INDL,C,2836,2024-12-31,232135,PHARMING GROUP NV,PHAR
A,USD,STD,INDL,C,8731,2024-12-31,232623,EVOTEC SE,EVO
A,USD,STD,INDL,C,2836,2024-12-31,237269,XENETIC BIOSCIENCES INC,XBIO
A,USD,STD,INDL,C,2836,2024-12-31,240066,TIZIANA LIFE SCIENCES LTD,TLSA
A,USD,STD,INDL,C,2836,2024-06-30,247374,IMMURON LTD,IMRN
A,USD,STD,INDL,C,2836,2025-06-30,247374,IMMURON LTD,IMRN
A,USD,STD,INDL,C,2836,2024-12-31,253355,AVITA MEDICAL INC,RCEL
A,USD,STD,INDL,C,2836,2024-12-31,264265,ALNYLAM PHARMACEUTICALS INC,ALNY
A,USD,STD,INDL,C,2836,2025-12-31,264265,ALNYLAM PHARMACEUTICALS INC,ALNY
A,USD,STD,INDL,C,3674,2024-12-31,264416,ULTRA CLEAN HOLDINGS INC,UCTT
A,USD,STD,INDL,C,2834,2024-12-31,264430,BIOFORCE NANOSCIENCES HLDGS,BFNH
A,USD,STD,INDL,C,3674,2024-12-31,270705,HIMAX TECHNOLOGIES INC,HIMX
A,USD,STD,INDL,C,2836,2024-12-31,291881,CAN-FITE BIOPHARMA LTD,CANF
A,USD,STD,INDL,C,2836,2024-12-31,282608,CELLECTIS SA,CLLS
A,USD,STD,INDL,C,2836,2024-12-31,282715,BIOLINERX LTD,BLRX
I,USD,STD,INDL,C,7372,2024-12-31,282960,OPTIVA INC,RKNEF
A,USD,STD,INDL,C,2836,2024-12-31,284353,GENFIT SA,GNFTY
A,USD,STD,INDL,C,2836,2024-12-31,285556,VALNEVA SE,VALN
A,USD,STD,INDL,C,2836,2024-12-31,286396,EVOGENE LTD,EVGN
A,USD,STD,INDL,C,2836,2024-12-31,292284,SCISPARC LTD,SPRC
A,USD,STD,INDL,C,2836,2024-12-31,312079,DBV TECHNOLOGIES S A,DBVT
A,USD,STD,INDL,C,2836,2024-12-31,319917,PURETECH HEALTH PLC,PRTC
A,USD,STD,INDL,C,2836,2024-12-31,319919,ABIVAX SOCIETE ANONYME,ABVX
A,USD,STD,INDL,C,8731,2024-12-31,321429,MAXCYTE INC,MXCT
A,USD,STD,INDL,C,3674,2024-12-31,321467,WISEKEY INTERNATIONAL HOLD,WKEY
A,USD,STD,INDL,C,2836,2024-12-31,325899,TELIX PHARMACEUTICALS LTD,TLX
A,USD,STD,INDL,C,7372,2024-06-30,329141,RENALYTIX PLC,RNLXY
A,CAD,STD,INDL,C,2834,2024-10-31,330826,HIGH TIDE INC,HITI
A,CAD,STD,INDL,C,2834,2025-10-31,330826,HIGH TIDE INC,HITI
A,USD,STD,INDL,C,2836,2024-12-31,349972,INDAPTUS THERAPEUTICS INC,INDP
A,USD,STD,INDL,C,2834,2024-10-31,349994,CLEARMIND MEDICINE INC,CMND
A,USD,STD,INDL,C,2834,2025-10-31,349994,CLEARMIND MEDICINE INC,CMND
A,USD,STD,INDL,C,2834,2024-12-31,353444,HALEON PLC,HLN
A,CAD,STD,INDL,C,7372,2024-12-31,356257,BTQ TECHNOLOGIES CORP,BTQ
A,USD,STD,INDL,C,2836,2025-06-30,350935,RADIOPHARM THERANOSTICS LTD,RADX
A,USD,STD,INDL,C,2834,2024-12-31,351038,QUOIN PHARMACEUTICALS LTD,QNRX
